UserID,date,count
5673,2000-05-01,10
5659,2000-05-01,38
5661,2000-05-01,36
5662,2000-05-01,30
5663,2000-05-01,38
5664,2000-05-01,106
5665,2000-05-01,24
5666,2000-05-01,8
5667,2000-05-01,72
5668,2000-05-01,46
5670,2000-05-01,48
5671,2000-05-01,68
5674,2000-05-01,16
5675,2000-05-01,99
5676,2000-05-01,15
5677,2000-05-01,25
5678,2000-05-01,26
5680,2000-05-01,60
5682,2000-05-01,138
5683,2000-05-01,18
5684,2000-05-01,139
5685,2000-05-01,8
5658,2000-05-01,55
5686,2000-05-01,5
5657,2000-05-01,45
5653,2000-05-01,49
5627,2000-05-01,32
5629,2000-05-01,48
5631,2000-05-01,28
5632,2000-05-01,12
5634,2000-05-01,94
5636,2000-05-01,66
5489,2000-05-01,13
5638,2000-05-01,16
5639,2000-05-01,15
5641,2000-05-01,18
5642,2000-05-01,16
5643,2000-05-01,89
5488,2000-05-01,2
5644,2000-05-01,23
5645,2000-05-01,142
5646,2000-05-01,39
5647,2000-05-01,36
5648,2000-05-01,24
5649,2000-05-01,37
5651,2000-05-01,12
5652,2000-05-01,29
5655,2000-05-01,20
5687,2000-05-01,26
5688,2000-05-01,26
5689,2000-05-01,45
5729,2000-05-01,25
5731,2000-05-01,25
5732,2000-05-01,10
5733,2000-05-01,90
5736,2000-05-01,45
5534,2000-05-01,4
5738,2000-05-01,50
5739,2000-05-01,23
5741,2000-05-01,10
5743,2000-05-01,18
5744,2000-05-01,68
5747,2000-05-01,69
5748,2000-05-01,19
5749,2000-05-01,2
5751,2000-05-01,14
5752,2000-05-01,36
5753,2000-05-01,43
5754,2000-05-01,15
5755,2000-05-01,96
5757,2000-05-01,52
5758,2000-05-01,77
5726,2000-05-01,29
5724,2000-05-01,26
5723,2000-05-01,4
5722,2000-05-01,68
5691,2000-05-01,55
5692,2000-05-01,27
5693,2000-05-01,11
5698,2000-05-01,52
5699,2000-05-01,38
5700,2000-05-01,13
5701,2000-05-01,28
5702,2000-05-01,24
5703,2000-05-01,27
5704,2000-05-01,38
5491,2000-05-01,31
5706,2000-05-01,61
5709,2000-05-01,2
5710,2000-05-01,15
5712,2000-05-01,18
5714,2000-05-01,18
5715,2000-05-01,21
5716,2000-05-01,54
5717,2000-05-01,89
5718,2000-05-01,76
5720,2000-05-01,18
5721,2000-05-01,15
5707,2000-05-01,2
5759,2000-05-01,99
5493,2000-05-01,42
5625,2000-05-01,39
5557,2000-05-01,80
5520,2000-05-01,16
5558,2000-05-01,18
5560,2000-05-01,41
5563,2000-05-01,10
5565,2000-05-01,36
5566,2000-05-01,48
5567,2000-05-01,57
5568,2000-05-01,122
5519,2000-05-01,27
5569,2000-05-01,33
5517,2000-05-01,116
5570,2000-05-01,72
5572,2000-05-01,18
5573,2000-05-01,58
5574,2000-05-01,59
5575,2000-05-01,19
5576,2000-05-01,97
5516,2000-05-01,57
5515,2000-05-01,15
5578,2000-05-01,26
5556,2000-05-01,29
5579,2000-05-01,13
5555,2000-05-01,66
5553,2000-05-01,44
5530,2000-05-01,32
5535,2000-05-01,39
5536,2000-05-01,17
5528,2000-05-01,42
5537,2000-05-01,39
5538,2000-05-01,32
5539,2000-05-01,2
5526,2000-05-01,7
5524,2000-05-01,60
5523,2000-05-01,75
5540,2000-05-01,19
5541,2000-05-01,9
5542,2000-05-01,56
5543,2000-05-01,45
5522,2000-05-01,43
5544,2000-05-01,9
5545,2000-05-01,45
5521,2000-05-01,19
5547,2000-05-01,22
5548,2000-05-01,35
5550,2000-05-01,124
5554,2000-05-01,23
5580,2000-05-01,79
5514,2000-05-01,15
5513,2000-05-01,31
5605,2000-05-01,82
5606,2000-05-01,10
5609,2000-05-01,31
5610,2000-05-01,15
5612,2000-05-01,5
5614,2000-05-01,186
5504,2000-05-01,270
5615,2000-05-01,40
5616,2000-05-01,31
5617,2000-05-01,18
5618,2000-05-01,6
5502,2000-05-01,25
5619,2000-05-01,21
5620,2000-05-01,3
5501,2000-05-01,72
5499,2000-05-01,46
5497,2000-05-01,49
5621,2000-05-01,66
5496,2000-05-01,15
5622,2000-05-01,33
5623,2000-05-01,83
5505,2000-05-01,29
5604,2000-05-01,21
5603,2000-05-01,20
5506,2000-05-01,16
5581,2000-05-01,18
5582,2000-05-01,100
5583,2000-05-01,37
5584,2000-05-01,30
5585,2000-05-01,88
5512,2000-05-01,80
5589,2000-05-01,19
5592,2000-05-01,49
5593,2000-05-01,78
5511,2000-05-01,266
5626,2000-05-01,35
5594,2000-05-01,45
5595,2000-05-01,17
5596,2000-05-01,79
5597,2000-05-01,69
5598,2000-05-01,32
5509,2000-05-01,23
5599,2000-05-01,36
5600,2000-05-01,92
5508,2000-05-01,18
5601,2000-05-01,13
5602,2000-05-01,17
5510,2000-05-01,21
5760,2000-05-01,12
5737,2000-05-01,13
5763,2000-05-01,133
5877,2000-05-01,6
5878,2000-05-01,130
5879,2000-05-01,12
5880,2000-05-01,94
5881,2000-05-01,54
5883,2000-05-01,5
5884,2000-05-01,28
5885,2000-05-01,37
5886,2000-05-01,73
5875,2000-05-01,34
5887,2000-05-01,13
5889,2000-05-01,24
5890,2000-05-01,95
5891,2000-05-01,13
5892,2000-05-01,24
5893,2000-05-01,22
5894,2000-05-01,26
5895,2000-05-01,12
5896,2000-05-01,9
5897,2000-05-01,13
5888,2000-05-01,138
5900,2000-05-01,21
5874,2000-05-01,62
5871,2000-05-01,50
5847,2000-05-01,125
5848,2000-05-01,78
5849,2000-05-01,22
5851,2000-05-01,90
5852,2000-05-01,68
5853,2000-05-01,42
5854,2000-05-01,53
5855,2000-05-01,15
5857,2000-05-01,48
5872,2000-05-01,19
5858,2000-05-01,78
5860,2000-05-01,22
5861,2000-05-01,1
5862,2000-05-01,138
5863,2000-05-01,7
5762,2000-05-01,111
5865,2000-05-01,14
5868,2000-05-01,34
5869,2000-05-01,13
5870,2000-05-01,18
5859,2000-05-01,13
5903,2000-05-01,22
5905,2000-05-01,47
5906,2000-05-01,46
5941,2000-05-01,9
5942,2000-05-01,67
5945,2000-05-01,20
5946,2000-05-01,25
5947,2000-05-01,20
5948,2000-05-01,138
5949,2000-05-01,22
5950,2000-05-01,37
5952,2000-05-01,58
5938,2000-05-01,35
5954,2000-05-01,243
5969,2000-05-01,20
5972,2000-05-01,44
5995,2000-05-01,9
5996,2000-05-01,34
6000,2000-05-01,2
6010,2000-05-01,26
6013,2000-05-01,26
6016,2000-05-01,1
6040,2000-05-01,23
5957,2000-05-01,4
5937,2000-05-01,13
5936,2000-05-01,25
5934,2000-05-01,8
5907,2000-05-01,15
5908,2000-05-01,59
5910,2000-05-01,35
5911,2000-05-01,47
5912,2000-05-01,28
5913,2000-05-01,26
5915,2000-05-01,67
5916,2000-05-01,28
5917,2000-05-01,82
5920,2000-05-01,34
5921,2000-05-01,9
5922,2000-05-01,42
5923,2000-05-01,5
5924,2000-05-01,25
5925,2000-05-01,52
5927,2000-05-01,43
5928,2000-05-01,7
5929,2000-05-01,29
5930,2000-05-01,49
5931,2000-05-01,12
5933,2000-05-01,17
5846,2000-05-01,25
5845,2000-05-01,108
5864,2000-05-01,11
5797,2000-05-01,29
5792,2000-05-01,28
5794,2000-05-01,103
5795,2000-05-01,310
5841,2000-05-01,141
5799,2000-05-01,7
5801,2000-05-01,42
5805,2000-05-01,66
5806,2000-05-01,82
5807,2000-05-01,20
5808,2000-05-01,29
5809,2000-05-01,71
5811,2000-05-01,60
5812,2000-05-01,150
5813,2000-05-01,19
5815,2000-05-01,26
5818,2000-05-01,8
5819,2000-05-01,8
5791,2000-05-01,38
5790,2000-05-01,21
5788,2000-05-01,64
5787,2000-05-01,36
5764,2000-05-01,24
5765,2000-05-01,29
5766,2000-05-01,19
5767,2000-05-01,73
5768,2000-05-01,53
5769,2000-05-01,40
5770,2000-05-01,71
5771,2000-05-01,48
5820,2000-05-01,7
5775,2000-05-01,40
5778,2000-05-01,28
5779,2000-05-01,63
5780,2000-05-01,49
5782,2000-05-01,16
5783,2000-05-01,17
5784,2000-05-01,5
5785,2000-05-01,33
5786,2000-05-01,50
5777,2000-05-01,47
5821,2000-05-01,17
5531,2000-05-01,36
5827,2000-05-01,24
5838,2000-05-01,58
5823,2000-05-01,33
5840,2000-05-01,31
5829,2000-05-01,21
5836,2000-05-01,7
5824,2000-05-01,50
5822,2000-05-01,6
5833,2000-05-01,27
5832,2000-05-01,26
5831,2000-05-01,86
5826,2000-05-01,52
5830,2000-05-01,13
5837,2000-05-01,123
5271,2000-06-01,75
5270,2000-06-01,41
5337,2000-06-01,85
5332,2000-06-01,49
5278,2000-06-01,1
5375,2000-06-01,15
5329,2000-06-01,173
5378,2000-06-01,39
5372,2000-06-01,15
5272,2000-06-01,12
5298,2000-06-01,17
5300,2000-06-01,59
5328,2000-06-01,29
5327,2000-06-01,64
5376,2000-06-01,48
5373,2000-06-01,12
5356,2000-06-01,9
5381,2000-06-01,7
5333,2000-06-01,79
5396,2000-06-01,38
5395,2000-06-01,21
5335,2000-06-01,49
5266,2000-06-01,9
5353,2000-06-01,21
5355,2000-06-01,17
5394,2000-06-01,35
5393,2000-06-01,20
5390,2000-06-01,57
5267,2000-06-01,4
5389,2000-06-01,18
5387,2000-06-01,120
5297,2000-06-01,16
5336,2000-06-01,25
5268,2000-06-01,104
5386,2000-06-01,16
5385,2000-06-01,14
5269,2000-06-01,43
5384,2000-06-01,26
5383,2000-06-01,12
5382,2000-06-01,22
5350,2000-06-01,21
5296,2000-06-01,21
5324,2000-06-01,48
5301,2000-06-01,27
5323,2000-06-01,82
5317,2000-06-01,109
5358,2000-06-01,11
5286,2000-06-01,58
5311,2000-06-01,12
5367,2000-06-01,57
5346,2000-06-01,19
5347,2000-06-01,31
5349,2000-06-01,103
5366,2000-06-01,23
5316,2000-06-01,15
5315,2000-06-01,15
5275,2000-06-01,49
5313,2000-06-01,39
5283,2000-06-01,54
5365,2000-06-01,53
5364,2000-06-01,118
5363,2000-06-01,24
5359,2000-06-01,92
5282,2000-06-01,48
5312,2000-06-01,100
5361,2000-06-01,26
5287,2000-06-01,20
5338,2000-06-01,24
5310,2000-06-01,35
5309,2000-06-01,6
5294,2000-06-01,26
5281,2000-06-01,41
5339,2000-06-01,37
5371,2000-06-01,79
5340,2000-06-01,24
5302,2000-06-01,30
5305,2000-06-01,33
5341,2000-06-01,35
5342,2000-06-01,26
5344,2000-06-01,20
5357,2000-06-01,15
5273,2000-06-01,119
5322,2000-06-01,14
5306,2000-06-01,77
5290,2000-06-01,18
5289,2000-06-01,108
5369,2000-06-01,66
5345,2000-06-01,85
5368,2000-06-01,19
5321,2000-06-01,27
5319,2000-06-01,64
5318,2000-06-01,17
5352,2000-06-01,73
5086,2000-06-01,27
5263,2000-06-01,25
5123,2000-06-01,9
5126,2000-06-01,29
5127,2000-06-01,8
5129,2000-06-01,31
5130,2000-06-01,17
5131,2000-06-01,67
5133,2000-06-01,19
5135,2000-06-01,23
5136,2000-06-01,42
5137,2000-06-01,21
5140,2000-06-01,22
5141,2000-06-01,18
5142,2000-06-01,104
5143,2000-06-01,1
5144,2000-06-01,10
5147,2000-06-01,7
5148,2000-06-01,34
5151,2000-06-01,24
5152,2000-06-01,4
5153,2000-06-01,43
5154,2000-06-01,12
5156,2000-06-01,26
5157,2000-06-01,34
5158,2000-06-01,46
5161,2000-06-01,56
5163,2000-06-01,132
5164,2000-06-01,40
5121,2000-06-01,16
5120,2000-06-01,35
5118,2000-06-01,15
5116,2000-06-01,11
5081,2000-06-01,2
5082,2000-06-01,72
5083,2000-06-01,42
5084,2000-06-01,33
5085,2000-06-01,109
5087,2000-06-01,33
5088,2000-06-01,11
5090,2000-06-01,97
5091,2000-06-01,36
5092,2000-06-01,4
5093,2000-06-01,13
5095,2000-06-01,24
5096,2000-06-01,32
5165,2000-06-01,66
5097,2000-06-01,17
5099,2000-06-01,66
5100,2000-06-01,282
5102,2000-06-01,43
5103,2000-06-01,48
5104,2000-06-01,26
5106,2000-06-01,22
5107,2000-06-01,55
5108,2000-06-01,60
5109,2000-06-01,19
5111,2000-06-01,150
5113,2000-06-01,9
5114,2000-06-01,56
5115,2000-06-01,20
5098,2000-06-01,12
5166,2000-06-01,69
5167,2000-06-01,50
5169,2000-06-01,25
5223,2000-06-01,20
5225,2000-06-01,34
5226,2000-06-01,21
5227,2000-06-01,43
5230,2000-06-01,17
5232,2000-06-01,36
5233,2000-06-01,16
5234,2000-06-01,59
5236,2000-06-01,15
5238,2000-06-01,7
5239,2000-06-01,48
5241,2000-06-01,32
5242,2000-06-01,6
5221,2000-06-01,13
5243,2000-06-01,7
5246,2000-06-01,61
5248,2000-06-01,24
5250,2000-06-01,77
5251,2000-06-01,11
5252,2000-06-01,25
5253,2000-06-01,40
5254,2000-06-01,17
5255,2000-06-01,26
5256,2000-06-01,88
5257,2000-06-01,53
5258,2000-06-01,9
5260,2000-06-01,56
5261,2000-06-01,17
5245,2000-06-01,12
5265,2000-06-01,45
5220,2000-06-01,88
5218,2000-06-01,20
5170,2000-06-01,26
5173,2000-06-01,19
5174,2000-06-01,6
5177,2000-06-01,11
5178,2000-06-01,53
5179,2000-06-01,12
5180,2000-06-01,55
5397,2000-06-01,18
5184,2000-06-01,94
5185,2000-06-01,2
5187,2000-06-01,39
5188,2000-06-01,35
5190,2000-06-01,7
5219,2000-06-01,39
5191,2000-06-01,10
5195,2000-06-01,24
5196,2000-06-01,6
5197,2000-06-01,26
5200,2000-06-01,19
5201,2000-06-01,10
5204,2000-06-01,22
5205,2000-06-01,26
5208,2000-06-01,46
5209,2000-06-01,50
5210,2000-06-01,1
5211,2000-06-01,17
5212,2000-06-01,30
5216,2000-06-01,5
5193,2000-06-01,37
5398,2000-06-01,12
5462,2000-06-01,11
5545,2000-06-01,24
5580,2000-06-01,12
5677,2000-06-01,3
5812,2000-06-01,28
5488,2000-06-01,28
5487,2000-06-01,23
5483,2000-06-01,69
5482,2000-06-01,71
5479,2000-06-01,20
5476,2000-06-01,16
5626,2000-06-01,6
5585,2000-06-01,2
5675,2000-06-01,6
5475,2000-06-01,99
5474,2000-06-01,8
5472,2000-06-01,20
5841,2000-06-01,3
5668,2000-06-01,1
5460,2000-06-01,44
5701,2000-06-01,6
5463,2000-06-01,52
5464,2000-06-01,42
5466,2000-06-01,93
5468,2000-06-01,41
5489,2000-06-01,18
5874,2000-06-01,1
5861,2000-06-01,54
5846,2000-06-01,2
5469,2000-06-01,38
5470,2000-06-01,25
5593,2000-06-01,2
5471,2000-06-01,11
5871,2000-06-01,1
5598,2000-06-01,2
5491,2000-06-01,24
5788,2000-06-01,3
5706,2000-06-01,8
5555,2000-06-01,4
5709,2000-06-01,33
5557,2000-06-01,2
5543,2000-06-01,24
5716,2000-06-01,4
5733,2000-06-01,1
5736,2000-06-01,1
5737,2000-06-01,2
5539,2000-06-01,15
5400,2000-06-01,7
5536,2000-06-01,6
5534,2000-06-01,26
5530,2000-06-01,46
5744,2000-06-01,35
5689,2000-06-01,43
5759,2000-06-01,21
5576,2000-06-01,9
5569,2000-06-01,2
5785,2000-06-01,3
5682,2000-06-01,1
5502,2000-06-01,3
5511,2000-06-01,12
5493,2000-06-01,15
5519,2000-06-01,7
5769,2000-06-01,5
5683,2000-06-01,12
5521,2000-06-01,4
5522,2000-06-01,121
5767,2000-06-01,1
5763,2000-06-01,55
5520,2000-06-01,11
5459,2000-06-01,70
5461,2000-06-01,19
5431,2000-06-01,27
5616,2000-06-01,14
5620,2000-06-01,7
5430,2000-06-01,74
5429,2000-06-01,52
5428,2000-06-01,84
5600,2000-06-01,7
5427,2000-06-01,52
5426,2000-06-01,32
5404,2000-06-01,66
5423,2000-06-01,46
5948,2000-06-01,16
6002,2000-06-01,44
5957,2000-06-01,1
5406,2000-06-01,12
5421,2000-06-01,31
5418,2000-06-01,54
5416,2000-06-01,28
5415,2000-06-01,10
5414,2000-06-01,25
5621,2000-06-01,1
5407,2000-06-01,14
5408,2000-06-01,36
5413,2000-06-01,40
5636,2000-06-01,4
5412,2000-06-01,82
5410,2000-06-01,7
5422,2000-06-01,49
5403,2000-06-01,31
5985,2000-06-01,18
5969,2000-06-01,1
5880,2000-06-01,3
5458,2000-06-01,24
5401,2000-06-01,38
5623,2000-06-01,1
5457,2000-06-01,29
5604,2000-06-01,23
5664,2000-06-01,1
6016,2000-06-01,2
5455,2000-06-01,25
5454,2000-06-01,29
5452,2000-06-01,57
6040,2000-06-01,6
5432,2000-06-01,48
5889,2000-06-01,10
5450,2000-06-01,27
5448,2000-06-01,54
5433,2000-06-01,73
5908,2000-06-01,9
5434,2000-06-01,102
5438,2000-06-01,17
5449,2000-06-01,36
5441,2000-06-01,54
5440,2000-06-01,20
5443,2000-06-01,171
5445,2000-06-01,34
5446,2000-06-01,75
5447,2000-06-01,55
5442,2000-06-01,19
4782,2000-07-01,34
4755,2000-07-01,14
4783,2000-07-01,11
4771,2000-07-01,76
4763,2000-07-01,20
4780,2000-07-01,49
4779,2000-07-01,68
4778,2000-07-01,21
4777,2000-07-01,11
4774,2000-07-01,79
4759,2000-07-01,21
4773,2000-07-01,37
4764,2000-07-01,15
4765,2000-07-01,7
4768,2000-07-01,33
4772,2000-07-01,37
4757,2000-07-01,28
4754,2000-07-01,63
4729,2000-07-01,48
4752,2000-07-01,9
4718,2000-07-01,36
4716,2000-07-01,31
4447,2000-07-01,2
4715,2000-07-01,82
4714,2000-07-01,12
4448,2000-07-01,26
4713,2000-07-01,23
4711,2000-07-01,41
4710,2000-07-01,12
4708,2000-07-01,94
4449,2000-07-01,25
4707,2000-07-01,8
4706,2000-07-01,15
4452,2000-07-01,40
4705,2000-07-01,73
4702,2000-07-01,12
4454,2000-07-01,13
4719,2000-07-01,13
4753,2000-07-01,1
4723,2000-07-01,18
4725,2000-07-01,39
4751,2000-07-01,12
4748,2000-07-01,163
4747,2000-07-01,40
4745,2000-07-01,53
4743,2000-07-01,12
4742,2000-07-01,33
4741,2000-07-01,12
4739,2000-07-01,33
4738,2000-07-01,47
4737,2000-07-01,58
4736,2000-07-01,47
4733,2000-07-01,36
4732,2000-07-01,148
4731,2000-07-01,16
4728,2000-07-01,36
4727,2000-07-01,5
4726,2000-07-01,47
4724,2000-07-01,11
4784,2000-07-01,106
4575,2000-07-01,30
4786,2000-07-01,82
4880,2000-07-01,7
4879,2000-07-01,71
4878,2000-07-01,8
4877,2000-07-01,34
4876,2000-07-01,7
4875,2000-07-01,7
4871,2000-07-01,7
4869,2000-07-01,45
4868,2000-07-01,38
4867,2000-07-01,96
4866,2000-07-01,26
4864,2000-07-01,13
4862,2000-07-01,11
4861,2000-07-01,43
4860,2000-07-01,14
4858,2000-07-01,36
4856,2000-07-01,17
4854,2000-07-01,29
4852,2000-07-01,77
4850,2000-07-01,20
4849,2000-07-01,34
4882,2000-07-01,61
4848,2000-07-01,18
4884,2000-07-01,116
4886,2000-07-01,31
4915,2000-07-01,27
4913,2000-07-01,15
4911,2000-07-01,9
4910,2000-07-01,7
4909,2000-07-01,48
4908,2000-07-01,39
4907,2000-07-01,35
4906,2000-07-01,57
4904,2000-07-01,256
4903,2000-07-01,20
4902,2000-07-01,7
4901,2000-07-01,32
4900,2000-07-01,12
4899,2000-07-01,37
4898,2000-07-01,73
4897,2000-07-01,25
4894,2000-07-01,16
4893,2000-07-01,31
4889,2000-07-01,123
4888,2000-07-01,171
4887,2000-07-01,66
4885,2000-07-01,16
4847,2000-07-01,21
4846,2000-07-01,7
4845,2000-07-01,48
4811,2000-07-01,23
4810,2000-07-01,30
4809,2000-07-01,49
4808,2000-07-01,75
4806,2000-07-01,35
4803,2000-07-01,9
4802,2000-07-01,171
4801,2000-07-01,165
4800,2000-07-01,48
4799,2000-07-01,11
4798,2000-07-01,23
4797,2000-07-01,21
4796,2000-07-01,53
4795,2000-07-01,6
4794,2000-07-01,57
4793,2000-07-01,26
4792,2000-07-01,6
4791,2000-07-01,15
4790,2000-07-01,30
4789,2000-07-01,49
4788,2000-07-01,28
4812,2000-07-01,25
4813,2000-07-01,35
4814,2000-07-01,18
4815,2000-07-01,63
4844,2000-07-01,10
4843,2000-07-01,45
4842,2000-07-01,16
4840,2000-07-01,22
4838,2000-07-01,10
4837,2000-07-01,44
4835,2000-07-01,20
4834,2000-07-01,13
4833,2000-07-01,30
4831,2000-07-01,54
4785,2000-07-01,49
4830,2000-07-01,30
4826,2000-07-01,35
4825,2000-07-01,17
4824,2000-07-01,37
4823,2000-07-01,35
4821,2000-07-01,36
4820,2000-07-01,8
4819,2000-07-01,163
4701,2000-07-01,34
4817,2000-07-01,50
4816,2000-07-01,115
4829,2000-07-01,46
4700,2000-07-01,29
4666,2000-07-01,53
4697,2000-07-01,16
4624,2000-07-01,17
4540,2000-07-01,6
4541,2000-07-01,15
4621,2000-07-01,32
4620,2000-07-01,29
4543,2000-07-01,75
4544,2000-07-01,15
4625,2000-07-01,17
4619,2000-07-01,8
4545,2000-07-01,12
4617,2000-07-01,7
4546,2000-07-01,21
4615,2000-07-01,30
4549,2000-07-01,6
4613,2000-07-01,25
4611,2000-07-01,45
4618,2000-07-01,7
4626,2000-07-01,98
4537,2000-07-01,5
4536,2000-07-01,16
4523,2000-07-01,58
4641,2000-07-01,16
4639,2000-07-01,8
4637,2000-07-01,99
4524,2000-07-01,35
4525,2000-07-01,7
4526,2000-07-01,29
4635,2000-07-01,48
4634,2000-07-01,27
4633,2000-07-01,35
4632,2000-07-01,12
4531,2000-07-01,38
4532,2000-07-01,24
4534,2000-07-01,24
4631,2000-07-01,36
4535,2000-07-01,82
4627,2000-07-01,35
4608,2000-07-01,22
4607,2000-07-01,94
4605,2000-07-01,18
4602,2000-07-01,10
4588,2000-07-01,15
4586,2000-07-01,18
4585,2000-07-01,48
4584,2000-07-01,42
4583,2000-07-01,7
4566,2000-07-01,24
4581,2000-07-01,24
4567,2000-07-01,38
4568,2000-07-01,55
4569,2000-07-01,12
4571,2000-07-01,21
4580,2000-07-01,30
4579,2000-07-01,11
4578,2000-07-01,112
4572,2000-07-01,49
4576,2000-07-01,6
4573,2000-07-01,26
4589,2000-07-01,40
4642,2000-07-01,12
4565,2000-07-01,18
4562,2000-07-01,26
4601,2000-07-01,24
4600,2000-07-01,1
4599,2000-07-01,16
4551,2000-07-01,19
4555,2000-07-01,14
4598,2000-07-01,26
4596,2000-07-01,24
4556,2000-07-01,48
4917,2000-07-01,34
4595,2000-07-01,46
4558,2000-07-01,10
4559,2000-07-01,21
4593,2000-07-01,22
4560,2000-07-01,52
4561,2000-07-01,22
4592,2000-07-01,53
4591,2000-07-01,59
4563,2000-07-01,22
4522,2000-07-01,17
4643,2000-07-01,14
4644,2000-07-01,23
4675,2000-07-01,87
4470,2000-07-01,129
4674,2000-07-01,38
4673,2000-07-01,148
4471,2000-07-01,11
4472,2000-07-01,38
4672,2000-07-01,6
4473,2000-07-01,46
4671,2000-07-01,33
4474,2000-07-01,15
4476,2000-07-01,70
4480,2000-07-01,57
4482,2000-07-01,86
4483,2000-07-01,13
4670,2000-07-01,20
4484,2000-07-01,139
4669,2000-07-01,9
4678,2000-07-01,20
4485,2000-07-01,19
4469,2000-07-01,15
4468,2000-07-01,34
4456,2000-07-01,33
4457,2000-07-01,104
4694,2000-07-01,29
4693,2000-07-01,17
4691,2000-07-01,3
4690,2000-07-01,20
4687,2000-07-01,58
4686,2000-07-01,53
4458,2000-07-01,14
4459,2000-07-01,25
4460,2000-07-01,18
4685,2000-07-01,20
4682,2000-07-01,35
4461,2000-07-01,83
4681,2000-07-01,49
4465,2000-07-01,6
4466,2000-07-01,18
4680,2000-07-01,68
4455,2000-07-01,9
4667,2000-07-01,3
4490,2000-07-01,87
4509,2000-07-01,32
4510,2000-07-01,35
4511,2000-07-01,51
4650,2000-07-01,6
4649,2000-07-01,26
4647,2000-07-01,178
4512,2000-07-01,38
4513,2000-07-01,9
4646,2000-07-01,5
4515,2000-07-01,12
4516,2000-07-01,27
4517,2000-07-01,15
4518,2000-07-01,53
4645,2000-07-01,77
4519,2000-07-01,15
4520,2000-07-01,28
4521,2000-07-01,74
4508,2000-07-01,104
4489,2000-07-01,57
4507,2000-07-01,124
4506,2000-07-01,137
4661,2000-07-01,44
4659,2000-07-01,92
4491,2000-07-01,53
4493,2000-07-01,12
4658,2000-07-01,53
4494,2000-07-01,30
4656,2000-07-01,55
4655,2000-07-01,51
4497,2000-07-01,98
4499,2000-07-01,26
4501,2000-07-01,24
4654,2000-07-01,32
4502,2000-07-01,21
4653,2000-07-01,17
4503,2000-07-01,16
4504,2000-07-01,16
4505,2000-07-01,73
4652,2000-07-01,24
4918,2000-07-01,34
6040,2000-07-01,4
5072,2000-07-01,34
5084,2000-07-01,15
5085,2000-07-01,15
5086,2000-07-01,18
5087,2000-07-01,7
5090,2000-07-01,62
5091,2000-07-01,44
5092,2000-07-01,13
5096,2000-07-01,13
5097,2000-07-01,5
6016,2000-07-01,6
5100,2000-07-01,132
6002,2000-07-01,1
5083,2000-07-01,38
5103,2000-07-01,110
5111,2000-07-01,62
5113,2000-07-01,11
5114,2000-07-01,3
5126,2000-07-01,4
5128,2000-07-01,23
5137,2000-07-01,34
5140,2000-07-01,16
5143,2000-07-01,40
5152,2000-07-01,1
5156,2000-07-01,1
5158,2000-07-01,8
5166,2000-07-01,1
5109,2000-07-01,4
5078,2000-07-01,27
5077,2000-07-01,118
5076,2000-07-01,8
5043,2000-07-01,7
5044,2000-07-01,44
5045,2000-07-01,7
5046,2000-07-01,198
5047,2000-07-01,57
5048,2000-07-01,54
5049,2000-07-01,34
5051,2000-07-01,12
5052,2000-07-01,9
5053,2000-07-01,23
5054,2000-07-01,34
5056,2000-07-01,108
5057,2000-07-01,7
5058,2000-07-01,25
5059,2000-07-01,23
5060,2000-07-01,18
5061,2000-07-01,56
5063,2000-07-01,26
5064,2000-07-01,38
5065,2000-07-01,64
5066,2000-07-01,16
5067,2000-07-01,14
5070,2000-07-01,93
5071,2000-07-01,13
5557,2000-07-01,1
5074,2000-07-01,153
5075,2000-07-01,35
5167,2000-07-01,20
5173,2000-07-01,1
5185,2000-07-01,6
5208,2000-07-01,1
5677,2000-07-01,2
5367,2000-07-01,3
5675,2000-07-01,4
4920,2000-07-01,26
5386,2000-07-01,4
5387,2000-07-01,1
5643,2000-07-01,4
5397,2000-07-01,33
5401,2000-07-01,18
5403,2000-07-01,2
5412,2000-07-01,3
5413,2000-07-01,4
5455,2000-07-01,12
5626,2000-07-01,2
5621,2000-07-01,1
5620,2000-07-01,2
5470,2000-07-01,1
5618,2000-07-01,27
5493,2000-07-01,1
5614,2000-07-01,58
5602,2000-07-01,2
5520,2000-07-01,2
5526,2000-07-01,39
5539,2000-07-01,12
5543,2000-07-01,1
5576,2000-07-01,2
5544,2000-07-01,4
5689,2000-07-01,2
5042,2000-07-01,31
5359,2000-07-01,4
5749,2000-07-01,130
5978,2000-07-01,47
5972,2000-07-01,23
5233,2000-07-01,1
5234,2000-07-01,7
5236,2000-07-01,1
5949,2000-07-01,16
5242,2000-07-01,2
5250,2000-07-01,3
5927,2000-07-01,1
5911,2000-07-01,6
5256,2000-07-01,1
5260,2000-07-01,8
5265,2000-07-01,1
5886,2000-07-01,1
5278,2000-07-01,56
5281,2000-07-01,2
5283,2000-07-01,2
5289,2000-07-01,5
5841,2000-07-01,2
5294,2000-07-01,22
5300,2000-07-01,2
5812,2000-07-01,9
5795,2000-07-01,2
5305,2000-07-01,43
5312,2000-07-01,51
5785,2000-07-01,18
5327,2000-07-01,1
5737,2000-07-01,1
5041,2000-07-01,56
5568,2000-07-01,1
5039,2000-07-01,12
4977,2000-07-01,32
4978,2000-07-01,17
4979,2000-07-01,132
4944,2000-07-01,14
4980,2000-07-01,21
4981,2000-07-01,94
4982,2000-07-01,29
4983,2000-07-01,26
4984,2000-07-01,22
4985,2000-07-01,30
4942,2000-07-01,40
4986,2000-07-01,13
4988,2000-07-01,6
4989,2000-07-01,18
4939,2000-07-01,50
4990,2000-07-01,33
4938,2000-07-01,9
4992,2000-07-01,4
4993,2000-07-01,12
4937,2000-07-01,69
4994,2000-07-01,69
4956,2000-07-01,69
4995,2000-07-01,31
4976,2000-07-01,11
4997,2000-07-01,11
4945,2000-07-01,32
4974,2000-07-01,5
4957,2000-07-01,62
4953,2000-07-01,36
4958,2000-07-01,68
4952,2000-07-01,14
4951,2000-07-01,50
4950,2000-07-01,54
4959,2000-07-01,71
4960,2000-07-01,19
4961,2000-07-01,18
4962,2000-07-01,49
4949,2000-07-01,19
4963,2000-07-01,34
4964,2000-07-01,67
4948,2000-07-01,82
4965,2000-07-01,6
4947,2000-07-01,49
4966,2000-07-01,12
4967,2000-07-01,40
4968,2000-07-01,15
5040,2000-07-01,19
4972,2000-07-01,48
4946,2000-07-01,77
4973,2000-07-01,28
4975,2000-07-01,23
4999,2000-07-01,24
4936,2000-07-01,23
5025,2000-07-01,48
5018,2000-07-01,43
5020,2000-07-01,32
5021,2000-07-01,51
4931,2000-07-01,37
5022,2000-07-01,20
4930,2000-07-01,26
5023,2000-07-01,26
5026,2000-07-01,46
4928,2000-07-01,25
5028,2000-07-01,7
4927,2000-07-01,22
4932,2000-07-01,95
5029,2000-07-01,43
5032,2000-07-01,32
4925,2000-07-01,34
5033,2000-07-01,26
5034,2000-07-01,24
4924,2000-07-01,13
4923,2000-07-01,12
4922,2000-07-01,46
5035,2000-07-01,50
5037,2000-07-01,14
4921,2000-07-01,84
5038,2000-07-01,59
5031,2000-07-01,22
5017,2000-07-01,13
4954,2000-07-01,25
5008,2000-07-01,40
5004,2000-07-01,17
5000,2000-07-01,199
5002,2000-07-01,16
5005,2000-07-01,44
5006,2000-07-01,20
5016,2000-07-01,14
5003,2000-07-01,19
4933,2000-07-01,81
5009,2000-07-01,27
5010,2000-07-01,28
5011,2000-07-01,77
5015,2000-07-01,205
3831,2000-08-01,30
3800,2000-08-01,10
3829,2000-08-01,63
3819,2000-08-01,25
3702,2000-08-01,12
3830,2000-08-01,51
3810,2000-08-01,32
3798,2000-08-01,8
3704,2000-08-01,126
3799,2000-08-01,52
3801,2000-08-01,43
3696,2000-08-01,40
3833,2000-08-01,40
3797,2000-08-01,5
3821,2000-08-01,21
3698,2000-08-01,25
3796,2000-08-01,57
3820,2000-08-01,25
3816,2000-08-01,97
3827,2000-08-01,58
3804,2000-08-01,59
3809,2000-08-01,23
3808,2000-08-01,115
3824,2000-08-01,23
3700,2000-08-01,21
3822,2000-08-01,21
3825,2000-08-01,65
3807,2000-08-01,60
3699,2000-08-01,41
3828,2000-08-01,6
3823,2000-08-01,159
3811,2000-08-01,27
3805,2000-08-01,12
3813,2000-08-01,42
3826,2000-08-01,7
3695,2000-08-01,52
3814,2000-08-01,7
3701,2000-08-01,20
3815,2000-08-01,68
3806,2000-08-01,13
3697,2000-08-01,73
3776,2000-08-01,10
3795,2000-08-01,14
3757,2000-08-01,95
3756,2000-08-01,91
3755,2000-08-01,44
3754,2000-08-01,54
3753,2000-08-01,20
3720,2000-08-01,22
3721,2000-08-01,37
3752,2000-08-01,39
3751,2000-08-01,85
3750,2000-08-01,8
3749,2000-08-01,29
3722,2000-08-01,9
3748,2000-08-01,10
3746,2000-08-01,93
3723,2000-08-01,24
3744,2000-08-01,16
3742,2000-08-01,24
3727,2000-08-01,45
3729,2000-08-01,132
3726,2000-08-01,52
3725,2000-08-01,7
3731,2000-08-01,21
3732,2000-08-01,4
3718,2000-08-01,67
3724,2000-08-01,98
3734,2000-08-01,8
3735,2000-08-01,76
3736,2000-08-01,26
3737,2000-08-01,19
3738,2000-08-01,21
3740,2000-08-01,22
3733,2000-08-01,17
3759,2000-08-01,39
3760,2000-08-01,74
3761,2000-08-01,61
3780,2000-08-01,150
3711,2000-08-01,47
3781,2000-08-01,33
3782,2000-08-01,21
3788,2000-08-01,6
3789,2000-08-01,65
3779,2000-08-01,14
3790,2000-08-01,66
3791,2000-08-01,25
3709,2000-08-01,57
3708,2000-08-01,6
3792,2000-08-01,104
3706,2000-08-01,39
3793,2000-08-01,17
3710,2000-08-01,19
3705,2000-08-01,76
3713,2000-08-01,76
3777,2000-08-01,25
3717,2000-08-01,62
3762,2000-08-01,50
3763,2000-08-01,33
3767,2000-08-01,5
3768,2000-08-01,56
3769,2000-08-01,181
3778,2000-08-01,25
3770,2000-08-01,88
3716,2000-08-01,117
3715,2000-08-01,126
3772,2000-08-01,17
3773,2000-08-01,33
3774,2000-08-01,21
3775,2000-08-01,28
3771,2000-08-01,39
3492,2000-08-01,10
3922,2000-08-01,10
3835,2000-08-01,49
3971,2000-08-01,13
3970,2000-08-01,52
3968,2000-08-01,22
3967,2000-08-01,14
3965,2000-08-01,83
3964,2000-08-01,10
3963,2000-08-01,18
3961,2000-08-01,67
3960,2000-08-01,12
3958,2000-08-01,50
3957,2000-08-01,114
3955,2000-08-01,35
3954,2000-08-01,7
3953,2000-08-01,19
3952,2000-08-01,4
3951,2000-08-01,37
3950,2000-08-01,8
3931,2000-08-01,37
3932,2000-08-01,13
3933,2000-08-01,7
3934,2000-08-01,26
3936,2000-08-01,20
3937,2000-08-01,34
3973,2000-08-01,22
3938,2000-08-01,35
3942,2000-08-01,25
3943,2000-08-01,30
3945,2000-08-01,117
3946,2000-08-01,67
3947,2000-08-01,42
3948,2000-08-01,26
3940,2000-08-01,126
3930,2000-08-01,71
3974,2000-08-01,25
3977,2000-08-01,5
4021,2000-08-01,222
4020,2000-08-01,11
4016,2000-08-01,74
4014,2000-08-01,46
4013,2000-08-01,14
4012,2000-08-01,18
4009,2000-08-01,59
4007,2000-08-01,18
4006,2000-08-01,34
4005,2000-08-01,34
4002,2000-08-01,13
4001,2000-08-01,91
4000,2000-08-01,21
3999,2000-08-01,82
3998,2000-08-01,60
3997,2000-08-01,82
3996,2000-08-01,42
3978,2000-08-01,68
3979,2000-08-01,55
3981,2000-08-01,39
3982,2000-08-01,8
3985,2000-08-01,43
3986,2000-08-01,13
3976,2000-08-01,85
3987,2000-08-01,5
3989,2000-08-01,78
3990,2000-08-01,25
3992,2000-08-01,28
3993,2000-08-01,22
3994,2000-08-01,56
3995,2000-08-01,20
3988,2000-08-01,58
3834,2000-08-01,229
3929,2000-08-01,70
3926,2000-08-01,21
3878,2000-08-01,137
3877,2000-08-01,15
3874,2000-08-01,55
3873,2000-08-01,31
3872,2000-08-01,28
3870,2000-08-01,9
3868,2000-08-01,28
3866,2000-08-01,10
3865,2000-08-01,8
3864,2000-08-01,119
3862,2000-08-01,14
3861,2000-08-01,12
3860,2000-08-01,24
3859,2000-08-01,21
3858,2000-08-01,80
3857,2000-08-01,5
3856,2000-08-01,24
3836,2000-08-01,112
3837,2000-08-01,39
3839,2000-08-01,15
3840,2000-08-01,8
3841,2000-08-01,188
3842,2000-08-01,129
3881,2000-08-01,22
3843,2000-08-01,10
3845,2000-08-01,26
3848,2000-08-01,37
3850,2000-08-01,85
3852,2000-08-01,32
3853,2000-08-01,123
3854,2000-08-01,24
3844,2000-08-01,71
3927,2000-08-01,48
3882,2000-08-01,32
3885,2000-08-01,129
3925,2000-08-01,44
3924,2000-08-01,25
3923,2000-08-01,28
3693,2000-08-01,54
3921,2000-08-01,19
3920,2000-08-01,22
3919,2000-08-01,30
3916,2000-08-01,194
3915,2000-08-01,10
3914,2000-08-01,22
3913,2000-08-01,47
3912,2000-08-01,61
3910,2000-08-01,52
3909,2000-08-01,11
3908,2000-08-01,47
3905,2000-08-01,28
3904,2000-08-01,30
3886,2000-08-01,15
3887,2000-08-01,51
3888,2000-08-01,20
3889,2000-08-01,57
3890,2000-08-01,31
3891,2000-08-01,57
3884,2000-08-01,58
3892,2000-08-01,69
3897,2000-08-01,10
3898,2000-08-01,15
3899,2000-08-01,9
3900,2000-08-01,94
3902,2000-08-01,155
3903,2000-08-01,19
3894,2000-08-01,29
3692,2000-08-01,23
3590,2000-08-01,175
3690,2000-08-01,10
3549,2000-08-01,12
3547,2000-08-01,59
3434,2000-08-01,47
3435,2000-08-01,30
3437,2000-08-01,22
3439,2000-08-01,35
3546,2000-08-01,44
3440,2000-08-01,12
3544,2000-08-01,18
3441,2000-08-01,12
3442,2000-08-01,29
3443,2000-08-01,7
3543,2000-08-01,24
3444,2000-08-01,13
3445,2000-08-01,45
3446,2000-08-01,20
3447,2000-08-01,25
3449,2000-08-01,23
3541,2000-08-01,16
3450,2000-08-01,29
3451,2000-08-01,15
3452,2000-08-01,32
3453,2000-08-01,36
3540,2000-08-01,50
3454,2000-08-01,3
3539,2000-08-01,353
3455,2000-08-01,10
3432,2000-08-01,15
3431,2000-08-01,17
3430,2000-08-01,18
3550,2000-08-01,34
3409,2000-08-01,20
3410,2000-08-01,60
3411,2000-08-01,16
3412,2000-08-01,4
3562,2000-08-01,78
3413,2000-08-01,22
3561,2000-08-01,49
3414,2000-08-01,117
3415,2000-08-01,41
3416,2000-08-01,96
3417,2000-08-01,26
3418,2000-08-01,81
3419,2000-08-01,39
3456,2000-08-01,37
3560,2000-08-01,33
3558,2000-08-01,170
3557,2000-08-01,100
3556,2000-08-01,19
3423,2000-08-01,71
3424,2000-08-01,25
3425,2000-08-01,134
3555,2000-08-01,8
3426,2000-08-01,60
3427,2000-08-01,7
3428,2000-08-01,56
3553,2000-08-01,18
3429,2000-08-01,8
3551,2000-08-01,25
3422,2000-08-01,28
3538,2000-08-01,37
3457,2000-08-01,18
3537,2000-08-01,10
3515,2000-08-01,36
3514,2000-08-01,25
3513,2000-08-01,64
3479,2000-08-01,15
3512,2000-08-01,48
3480,2000-08-01,19
3511,2000-08-01,52
3510,2000-08-01,16
3481,2000-08-01,35
3509,2000-08-01,46
3483,2000-08-01,72
3508,2000-08-01,12
3507,2000-08-01,159
3516,2000-08-01,25
3506,2000-08-01,35
3484,2000-08-01,15
3503,2000-08-01,76
3501,2000-08-01,80
3500,2000-08-01,24
3485,2000-08-01,24
3486,2000-08-01,38
3487,2000-08-01,54
3499,2000-08-01,108
3490,2000-08-01,64
3498,2000-08-01,53
3491,2000-08-01,128
3497,2000-08-01,36
3493,2000-08-01,28
3504,2000-08-01,19
3408,2000-08-01,37
3478,2000-08-01,19
3477,2000-08-01,38
3536,2000-08-01,41
3458,2000-08-01,54
3535,2000-08-01,8
3534,2000-08-01,16
3460,2000-08-01,37
3462,2000-08-01,61
3463,2000-08-01,14
3532,2000-08-01,2
3464,2000-08-01,44
3529,2000-08-01,7
3526,2000-08-01,132
3465,2000-08-01,13
3467,2000-08-01,25
3517,2000-08-01,37
3468,2000-08-01,21
4022,2000-08-01,26
3469,2000-08-01,135
3470,2000-08-01,25
3472,2000-08-01,25
3473,2000-08-01,66
3474,2000-08-01,111
3522,2000-08-01,24
3521,2000-08-01,93
3475,2000-08-01,15
3520,2000-08-01,41
3476,2000-08-01,130
3519,2000-08-01,41
3518,2000-08-01,46
3524,2000-08-01,25
3691,2000-08-01,40
3563,2000-08-01,43
3404,2000-08-01,7
3646,2000-08-01,40
3645,2000-08-01,24
3644,2000-08-01,16
3643,2000-08-01,31
3641,2000-08-01,120
3640,2000-08-01,16
3637,2000-08-01,10
3635,2000-08-01,74
3633,2000-08-01,7
3632,2000-08-01,5
3631,2000-08-01,6
3626,2000-08-01,92
3625,2000-08-01,32
3624,2000-08-01,79
3622,2000-08-01,62
3621,2000-08-01,73
3620,2000-08-01,17
3619,2000-08-01,13
3618,2000-08-01,23
3617,2000-08-01,13
3615,2000-08-01,28
3614,2000-08-01,23
3612,2000-08-01,13
3611,2000-08-01,85
3610,2000-08-01,40
3608,2000-08-01,19
3347,2000-08-01,23
3649,2000-08-01,21
3650,2000-08-01,75
3651,2000-08-01,82
3652,2000-08-01,29
3689,2000-08-01,13
3688,2000-08-01,63
3687,2000-08-01,46
3686,2000-08-01,44
3685,2000-08-01,109
3684,2000-08-01,74
3683,2000-08-01,99
3682,2000-08-01,53
3681,2000-08-01,195
3680,2000-08-01,18
3679,2000-08-01,19
3678,2000-08-01,23
3677,2000-08-01,54
3607,2000-08-01,17
3675,2000-08-01,97
3673,2000-08-01,45
3672,2000-08-01,23
3671,2000-08-01,44
3669,2000-08-01,77
3668,2000-08-01,13
3666,2000-08-01,15
3664,2000-08-01,13
3663,2000-08-01,20
3661,2000-08-01,36
3659,2000-08-01,49
3658,2000-08-01,38
3657,2000-08-01,17
3653,2000-08-01,55
3674,2000-08-01,29
3348,2000-08-01,8
3606,2000-08-01,12
3349,2000-08-01,45
3383,2000-08-01,12
3588,2000-08-01,93
3385,2000-08-01,6
3587,2000-08-01,23
3386,2000-08-01,15
3586,2000-08-01,48
3389,2000-08-01,32
3585,2000-08-01,57
3390,2000-08-01,69
3583,2000-08-01,18
3391,2000-08-01,310
3580,2000-08-01,21
3576,2000-08-01,35
3380,2000-08-01,115
3393,2000-08-01,87
3574,2000-08-01,20
3572,2000-08-01,63
3396,2000-08-01,6
3571,2000-08-01,31
3569,2000-08-01,27
3567,2000-08-01,23
3397,2000-08-01,14
3399,2000-08-01,32
3400,2000-08-01,69
3566,2000-08-01,5
3402,2000-08-01,101
3564,2000-08-01,8
3403,2000-08-01,73
3394,2000-08-01,86
3405,2000-08-01,11
3378,2000-08-01,31
3377,2000-08-01,35
3605,2000-08-01,60
3350,2000-08-01,26
3603,2000-08-01,27
3602,2000-08-01,7
3352,2000-08-01,28
3601,2000-08-01,51
3600,2000-08-01,76
3353,2000-08-01,16
3597,2000-08-01,26
3356,2000-08-01,129
3596,2000-08-01,88
3358,2000-08-01,50
3361,2000-08-01,45
3589,2000-08-01,48
3362,2000-08-01,9
3363,2000-08-01,6
3365,2000-08-01,159
3593,2000-08-01,14
3367,2000-08-01,19
3592,2000-08-01,140
3368,2000-08-01,8
3370,2000-08-01,41
3371,2000-08-01,107
3372,2000-08-01,13
3373,2000-08-01,12
3591,2000-08-01,56
3374,2000-08-01,28
3375,2000-08-01,7
3594,2000-08-01,42
4023,2000-08-01,19
4680,2000-08-01,1
4026,2000-08-01,33
4428,2000-08-01,27
4427,2000-08-01,11
4425,2000-08-01,37
4422,2000-08-01,62
4417,2000-08-01,33
4416,2000-08-01,74
4415,2000-08-01,38
4414,2000-08-01,31
4412,2000-08-01,15
4411,2000-08-01,6
4408,2000-08-01,153
4429,2000-08-01,20
4407,2000-08-01,35
4405,2000-08-01,29
4404,2000-08-01,53
4403,2000-08-01,23
4402,2000-08-01,11
4401,2000-08-01,53
4400,2000-08-01,9
4398,2000-08-01,9
4397,2000-08-01,18
4393,2000-08-01,9
4392,2000-08-01,5
4391,2000-08-01,8
4406,2000-08-01,61
4430,2000-08-01,14
4431,2000-08-01,14
4432,2000-08-01,20
4502,2000-08-01,33
4499,2000-08-01,12
4482,2000-08-01,56
4480,2000-08-01,12
4471,2000-08-01,7
4024,2000-08-01,45
4465,2000-08-01,5
4459,2000-08-01,17
4458,2000-08-01,19
4457,2000-08-01,3
4456,2000-08-01,30
4454,2000-08-01,5
4452,2000-08-01,12
4449,2000-08-01,19
4448,2000-08-01,346
4447,2000-08-01,50
4446,2000-08-01,48
4444,2000-08-01,19
4442,2000-08-01,8
4439,2000-08-01,5
4438,2000-08-01,19
4437,2000-08-01,19
4435,2000-08-01,10
4434,2000-08-01,6
4433,2000-08-01,41
4390,2000-08-01,19
4504,2000-08-01,2
4388,2000-08-01,90
4386,2000-08-01,192
4344,2000-08-01,209
4343,2000-08-01,22
4342,2000-08-01,132
4340,2000-08-01,8
4339,2000-08-01,23
4337,2000-08-01,112
4336,2000-08-01,56
4335,2000-08-01,34
4334,2000-08-01,30
4333,2000-08-01,76
4331,2000-08-01,8
4345,2000-08-01,68
4328,2000-08-01,58
4326,2000-08-01,41
4323,2000-08-01,31
4322,2000-08-01,86
4321,2000-08-01,17
4320,2000-08-01,36
4319,2000-08-01,16
4318,2000-08-01,100
4317,2000-08-01,16
4315,2000-08-01,72
4314,2000-08-01,9
4313,2000-08-01,40
4327,2000-08-01,53
4347,2000-08-01,19
4348,2000-08-01,10
4351,2000-08-01,58
4384,2000-08-01,81
4382,2000-08-01,10
4381,2000-08-01,84
4379,2000-08-01,49
4378,2000-08-01,10
4377,2000-08-01,49
4376,2000-08-01,13
4375,2000-08-01,86
4374,2000-08-01,76
4373,2000-08-01,119
4371,2000-08-01,26
4370,2000-08-01,14
4368,2000-08-01,28
4367,2000-08-01,10
4364,2000-08-01,26
4363,2000-08-01,106
4362,2000-08-01,23
4361,2000-08-01,53
4359,2000-08-01,25
4357,2000-08-01,20
4356,2000-08-01,53
4355,2000-08-01,11
4354,2000-08-01,250
4353,2000-08-01,25
4352,2000-08-01,121
4387,2000-08-01,80
4312,2000-08-01,90
4508,2000-08-01,1
4510,2000-08-01,67
5376,2000-08-01,5
5367,2000-08-01,2
5359,2000-08-01,1
5333,2000-08-01,1
5322,2000-08-01,2
5312,2000-08-01,3
5305,2000-08-01,17
5300,2000-08-01,1
5296,2000-08-01,19
5289,2000-08-01,1
5278,2000-08-01,9
5413,2000-08-01,1
5269,2000-08-01,18
5255,2000-08-01,77
5251,2000-08-01,3
5250,2000-08-01,4
5242,2000-08-01,1
5239,2000-08-01,2
5223,2000-08-01,1
5210,2000-08-01,9
5208,2000-08-01,2
5184,2000-08-01,21
5114,2000-08-01,1
5097,2000-08-01,3
5267,2000-08-01,15
5415,2000-08-01,1
5449,2000-08-01,11
5450,2000-08-01,5
5996,2000-08-01,27
5978,2000-08-01,14
5972,2000-08-01,1
5948,2000-08-01,4
5880,2000-08-01,2
5875,2000-08-01,4
5841,2000-08-01,5
5831,2000-08-01,1
5788,2000-08-01,10
5782,2000-08-01,1
5707,2000-08-01,45
5689,2000-08-01,3
5675,2000-08-01,10
5667,2000-08-01,2
5653,2000-08-01,2
5636,2000-08-01,1
5629,2000-08-01,15
5626,2000-08-01,7
5594,2000-08-01,2
5585,2000-08-01,1
5539,2000-08-01,2
5536,2000-08-01,2
5493,2000-08-01,6
5468,2000-08-01,28
5458,2000-08-01,3
5096,2000-08-01,4
4509,2000-08-01,24
5091,2000-08-01,1
5087,2000-08-01,5
4697,2000-08-01,5
4682,2000-08-01,88
4647,2000-08-01,3
4639,2000-08-01,14
4624,2000-08-01,1
4611,2000-08-01,5
4600,2000-08-01,37
4593,2000-08-01,2
4592,2000-08-01,2
4591,2000-08-01,1
4585,2000-08-01,2
4708,2000-08-01,3
4580,2000-08-01,7
4562,2000-08-01,24
4551,2000-08-01,11
4543,2000-08-01,34
4540,2000-08-01,7
4532,2000-08-01,7
4531,2000-08-01,39
4523,2000-08-01,3
4522,2000-08-01,1
4520,2000-08-01,8
4517,2000-08-01,4
4514,2000-08-01,22
4578,2000-08-01,13
4748,2000-08-01,16
4751,2000-08-01,1
4755,2000-08-01,5
5081,2000-08-01,15
5074,2000-08-01,2
5064,2000-08-01,2
5054,2000-08-01,2
5047,2000-08-01,12
5046,2000-08-01,5
5034,2000-08-01,4
5008,2000-08-01,34
4950,2000-08-01,3
4948,2000-08-01,1
4937,2000-08-01,1
4918,2000-08-01,10
4911,2000-08-01,1
4902,2000-08-01,16
4875,2000-08-01,1
4869,2000-08-01,4
4868,2000-08-01,10
4867,2000-08-01,4
4861,2000-08-01,2
4842,2000-08-01,1
4816,2000-08-01,45
4784,2000-08-01,7
4774,2000-08-01,3
4765,2000-08-01,11
4757,2000-08-01,1
5090,2000-08-01,3
4311,2000-08-01,7
4468,2000-08-01,2
4309,2000-08-01,41
4140,2000-08-01,116
4139,2000-08-01,64
4137,2000-08-01,24
4136,2000-08-01,24
4134,2000-08-01,23
4132,2000-08-01,46
4131,2000-08-01,58
4130,2000-08-01,25
4129,2000-08-01,13
4128,2000-08-01,18
4127,2000-08-01,20
4141,2000-08-01,36
4126,2000-08-01,7
4124,2000-08-01,32
4123,2000-08-01,17
4122,2000-08-01,60
4120,2000-08-01,7
4119,2000-08-01,15
4118,2000-08-01,38
4117,2000-08-01,65
4116,2000-08-01,23
4115,2000-08-01,131
4114,2000-08-01,58
4112,2000-08-01,81
4125,2000-08-01,5
4143,2000-08-01,15
4146,2000-08-01,10
4147,2000-08-01,28
4182,2000-08-01,18
4181,2000-08-01,15
4179,2000-08-01,99
4177,2000-08-01,62
4176,2000-08-01,16
4175,2000-08-01,40
4173,2000-08-01,22
4172,2000-08-01,40
4171,2000-08-01,30
4170,2000-08-01,22
4169,2000-08-01,165
4168,2000-08-01,48
4167,2000-08-01,111
4166,2000-08-01,10
4165,2000-08-01,12
4164,2000-08-01,1
4161,2000-08-01,43
4160,2000-08-01,20
4156,2000-08-01,61
4154,2000-08-01,12
4153,2000-08-01,39
4152,2000-08-01,53
4150,2000-08-01,30
4149,2000-08-01,10
4148,2000-08-01,20
4111,2000-08-01,9
4108,2000-08-01,15
4107,2000-08-01,112
4106,2000-08-01,6
4062,2000-08-01,36
4060,2000-08-01,36
4058,2000-08-01,91
4055,2000-08-01,34
4054,2000-08-01,110
4053,2000-08-01,31
4050,2000-08-01,85
4049,2000-08-01,47
4048,2000-08-01,211
4047,2000-08-01,22
4044,2000-08-01,32
4043,2000-08-01,12
4041,2000-08-01,121
4040,2000-08-01,24
4039,2000-08-01,4
4036,2000-08-01,21
4035,2000-08-01,25
4034,2000-08-01,52
4033,2000-08-01,184
4032,2000-08-01,84
4031,2000-08-01,15
4030,2000-08-01,9
4029,2000-08-01,19
4028,2000-08-01,257
4027,2000-08-01,32
4064,2000-08-01,120
4183,2000-08-01,44
4066,2000-08-01,8
4068,2000-08-01,7
4103,2000-08-01,37
4101,2000-08-01,25
4098,2000-08-01,34
4096,2000-08-01,37
4094,2000-08-01,95
4093,2000-08-01,77
4092,2000-08-01,31
4091,2000-08-01,18
4090,2000-08-01,60
4310,2000-08-01,86
4088,2000-08-01,82
4086,2000-08-01,218
4085,2000-08-01,60
4084,2000-08-01,68
4083,2000-08-01,111
4082,2000-08-01,35
4081,2000-08-01,21
4080,2000-08-01,35
4079,2000-08-01,95
4078,2000-08-01,54
4077,2000-08-01,58
4072,2000-08-01,60
4071,2000-08-01,28
4070,2000-08-01,33
4069,2000-08-01,11
4067,2000-08-01,14
4186,2000-08-01,25
4089,2000-08-01,102
4253,2000-08-01,48
4239,2000-08-01,23
4282,2000-08-01,6
4238,2000-08-01,146
4285,2000-08-01,115
4286,2000-08-01,61
4236,2000-08-01,27
4235,2000-08-01,29
4234,2000-08-01,29
4287,2000-08-01,68
4281,2000-08-01,47
4262,2000-08-01,5
4187,2000-08-01,43
4233,2000-08-01,24
4289,2000-08-01,37
4291,2000-08-01,68
4292,2000-08-01,27
4231,2000-08-01,11
4229,2000-08-01,17
4227,2000-08-01,142
4293,2000-08-01,23
4288,2000-08-01,7
4241,2000-08-01,4
4242,2000-08-01,27
4280,2000-08-01,18
4265,2000-08-01,67
4261,2000-08-01,32
4268,2000-08-01,74
4269,2000-08-01,70
4258,2000-08-01,28
4256,2000-08-01,8
4271,2000-08-01,55
4255,2000-08-01,17
4254,2000-08-01,13
4272,2000-08-01,16
4305,2000-08-01,72
4273,2000-08-01,3
4274,2000-08-01,7
4277,2000-08-01,447
4250,2000-08-01,91
4248,2000-08-01,17
4246,2000-08-01,12
4245,2000-08-01,32
4243,2000-08-01,24
4278,2000-08-01,10
4279,2000-08-01,71
4224,2000-08-01,98
4222,2000-08-01,29
4264,2000-08-01,10
4220,2000-08-01,37
4299,2000-08-01,47
4198,2000-08-01,13
4213,2000-08-01,97
4301,2000-08-01,24
4199,2000-08-01,19
4302,2000-08-01,51
4212,2000-08-01,36
4205,2000-08-01,11
4210,2000-08-01,34
4208,2000-08-01,19
4307,2000-08-01,9
4308,2000-08-01,12
4207,2000-08-01,118
4206,2000-08-01,25
4303,2000-08-01,77
4203,2000-08-01,55
4200,2000-08-01,13
4304,2000-08-01,11
4204,2000-08-01,111
4194,2000-08-01,65
4215,2000-08-01,70
4190,2000-08-01,12
4217,2000-08-01,71
4218,2000-08-01,31
4297,2000-08-01,21
4189,2000-08-01,21
4195,2000-08-01,52
4219,2000-08-01,29
4298,2000-08-01,135
4306,2000-08-01,27
4030,2000-09-01,1
3290,2000-09-01,27
3286,2000-09-01,13
5880,2000-09-01,1
3308,2000-09-01,167
3289,2000-09-01,20
3296,2000-09-01,37
3304,2000-09-01,74
3306,2000-09-01,40
3305,2000-09-01,54
5949,2000-09-01,14
3303,2000-09-01,13
3302,2000-09-01,14
3294,2000-09-01,49
3353,2000-09-01,51
3299,2000-09-01,98
3298,2000-09-01,19
3292,2000-09-01,289
3300,2000-09-01,130
4312,2000-09-01,1
3310,2000-09-01,29
3335,2000-09-01,9
3334,2000-09-01,34
3338,2000-09-01,13
3333,2000-09-01,28
3339,2000-09-01,38
3340,2000-09-01,23
3331,2000-09-01,43
3329,2000-09-01,27
3341,2000-09-01,72
3328,2000-09-01,60
3342,2000-09-01,5
6002,2000-09-01,43
3344,2000-09-01,30
3324,2000-09-01,20
3309,2000-09-01,27
3345,2000-09-01,12
3346,2000-09-01,36
5996,2000-09-01,2
3322,2000-09-01,32
3321,2000-09-01,23
3320,2000-09-01,67
3319,2000-09-01,11
3318,2000-09-01,27
3317,2000-09-01,41
3315,2000-09-01,57
3314,2000-09-01,101
3313,2000-09-01,39
3336,2000-09-01,23
3312,2000-09-01,53
3311,2000-09-01,33
3323,2000-09-01,43
3327,2000-09-01,57
3612,2000-09-01,1
3284,2000-09-01,22
3192,2000-09-01,62
3193,2000-09-01,15
3195,2000-09-01,40
3196,2000-09-01,3
3197,2000-09-01,40
3198,2000-09-01,40
3200,2000-09-01,40
3201,2000-09-01,139
3191,2000-09-01,43
3202,2000-09-01,23
3204,2000-09-01,30
3205,2000-09-01,72
3206,2000-09-01,10
3207,2000-09-01,53
3208,2000-09-01,46
3209,2000-09-01,12
3210,2000-09-01,98
3211,2000-09-01,36
3203,2000-09-01,25
3213,2000-09-01,37
3189,2000-09-01,48
3186,2000-09-01,14
3159,2000-09-01,46
3161,2000-09-01,27
3162,2000-09-01,12
3163,2000-09-01,212
3164,2000-09-01,5
3165,2000-09-01,12
3166,2000-09-01,11
3167,2000-09-01,114
3187,2000-09-01,16
3169,2000-09-01,65
3171,2000-09-01,43
3172,2000-09-01,26
3173,2000-09-01,44
3177,2000-09-01,29
3180,2000-09-01,31
3182,2000-09-01,92
3184,2000-09-01,35
3185,2000-09-01,39
3170,2000-09-01,18
3285,2000-09-01,130
3214,2000-09-01,16
3217,2000-09-01,98
3257,2000-09-01,45
3259,2000-09-01,106
3261,2000-09-01,65
3263,2000-09-01,32
3265,2000-09-01,44
3266,2000-09-01,70
3267,2000-09-01,34
3269,2000-09-01,23
3256,2000-09-01,34
3270,2000-09-01,31
3272,2000-09-01,51
3274,2000-09-01,2
3277,2000-09-01,48
3278,2000-09-01,2
3280,2000-09-01,54
3281,2000-09-01,55
3282,2000-09-01,15
3283,2000-09-01,67
3271,2000-09-01,77
3216,2000-09-01,18
3253,2000-09-01,33
3249,2000-09-01,20
3221,2000-09-01,24
3224,2000-09-01,160
3226,2000-09-01,64
3227,2000-09-01,105
3228,2000-09-01,56
3229,2000-09-01,36
3230,2000-09-01,59
3231,2000-09-01,67
3251,2000-09-01,38
3233,2000-09-01,11
3238,2000-09-01,19
3239,2000-09-01,15
3240,2000-09-01,28
3241,2000-09-01,17
3242,2000-09-01,52
3243,2000-09-01,58
3246,2000-09-01,40
3248,2000-09-01,23
3237,2000-09-01,27
4305,2000-09-01,1
5468,2000-09-01,6
3363,2000-09-01,3
4795,2000-09-01,31
3512,2000-09-01,1
4784,2000-09-01,26
4386,2000-09-01,1
4774,2000-09-01,1
3673,2000-09-01,1
4816,2000-09-01,2
4763,2000-09-01,3
3519,2000-09-01,22
4126,2000-09-01,3
3916,2000-09-01,1
4697,2000-09-01,3
3669,2000-09-01,1
4691,2000-09-01,12
3518,2000-09-01,52
4682,2000-09-01,1
4823,2000-09-01,4
4858,2000-09-01,8
3481,2000-09-01,1
4979,2000-09-01,1
3483,2000-09-01,41
4958,2000-09-01,10
4951,2000-09-01,2
3686,2000-09-01,3
4384,2000-09-01,1
4933,2000-09-01,1
4899,2000-09-01,20
3681,2000-09-01,12
4381,2000-09-01,4
4116,2000-09-01,16
3503,2000-09-01,57
3504,2000-09-01,4
4903,2000-09-01,1
4995,2000-09-01,5
3158,2000-09-01,25
4667,2000-09-01,20
3892,2000-09-01,2
3571,2000-09-01,2
3643,2000-09-01,1
4520,2000-09-01,3
3840,2000-09-01,5
3842,2000-09-01,28
3569,2000-09-01,16
3592,2000-09-01,29
3594,2000-09-01,1
3599,2000-09-01,20
3619,2000-09-01,1
3853,2000-09-01,20
3857,2000-09-01,20
4448,2000-09-01,2
4169,2000-09-01,27
4674,2000-09-01,3
4531,2000-09-01,1
4411,2000-09-01,62
4649,2000-09-01,2
3824,2000-09-01,13
3540,2000-09-01,18
4619,2000-09-01,22
3546,2000-09-01,7
4600,2000-09-01,2
3894,2000-09-01,5
3829,2000-09-01,2
3557,2000-09-01,6
4579,2000-09-01,56
3833,2000-09-01,9
4561,2000-09-01,14
3562,2000-09-01,5
3834,2000-09-01,2
4580,2000-09-01,5
3942,2000-09-01,17
3807,2000-09-01,2
3688,2000-09-01,33
5580,2000-09-01,5
5566,2000-09-01,1
5539,2000-09-01,25
5522,2000-09-01,1
5493,2000-09-01,1
5488,2000-09-01,11
3391,2000-09-01,35
5458,2000-09-01,11
3412,2000-09-01,64
5433,2000-09-01,2
5413,2000-09-01,3
3778,2000-09-01,1
5395,2000-09-01,6
5386,2000-09-01,1
5457,2000-09-01,4
3982,2000-09-01,1
3390,2000-09-01,2
5621,2000-09-01,2
5812,2000-09-01,17
5788,2000-09-01,2
3367,2000-09-01,76
3368,2000-09-01,4
4005,2000-09-01,15
3370,2000-09-01,1
5620,2000-09-01,10
4002,2000-09-01,3
5636,2000-09-01,1
3378,2000-09-01,10
3732,2000-09-01,12
5626,2000-09-01,1
3768,2000-09-01,1
3386,2000-09-01,11
5644,2000-09-01,1
3423,2000-09-01,2
5367,2000-09-01,2
5359,2000-09-01,4
5193,2000-09-01,8
5100,2000-09-01,3
5097,2000-09-01,14
3462,2000-09-01,8
5096,2000-09-01,1
4258,2000-09-01,25
3454,2000-09-01,42
4089,2000-09-01,1
3691,2000-09-01,4
3471,2000-09-01,11
5060,2000-09-01,9
5050,2000-09-01,22
5049,2000-09-01,2
3476,2000-09-01,80
4367,2000-09-01,9
3453,2000-09-01,1
5208,2000-09-01,3
3963,2000-09-01,34
5333,2000-09-01,1
3428,2000-09-01,11
3430,2000-09-01,4
4277,2000-09-01,46
5300,2000-09-01,47
3435,2000-09-01,1
4353,2000-09-01,9
3971,2000-09-01,7
3970,2000-09-01,1
3441,2000-09-01,3
5265,2000-09-01,2
3704,2000-09-01,16
3967,2000-09-01,6
5250,2000-09-01,1
4356,2000-09-01,1
4031,2000-09-01,2
3156,2000-09-01,10
3343,2000-09-01,25
3080,2000-09-01,131
3034,2000-09-01,13
3033,2000-09-01,35
3032,2000-09-01,412
3081,2000-09-01,135
3082,2000-09-01,70
3084,2000-09-01,15
3086,2000-09-01,65
3087,2000-09-01,95
3090,2000-09-01,16
3091,2000-09-01,8
3079,2000-09-01,8
3092,2000-09-01,18
3094,2000-09-01,8
3095,2000-09-01,61
3031,2000-09-01,34
3096,2000-09-01,53
3097,2000-09-01,22
3098,2000-09-01,13
3099,2000-09-01,17
3054,2000-09-01,7
3101,2000-09-01,84
3103,2000-09-01,20
3093,2000-09-01,49
3035,2000-09-01,20
3078,2000-09-01,15
3077,2000-09-01,23
3051,2000-09-01,39
3056,2000-09-01,34
3050,2000-09-01,20
3045,2000-09-01,70
3057,2000-09-01,16
3044,2000-09-01,109
3058,2000-09-01,14
3042,2000-09-01,21
3059,2000-09-01,19
3063,2000-09-01,25
3064,2000-09-01,24
3065,2000-09-01,26
3039,2000-09-01,35
3066,2000-09-01,23
3067,2000-09-01,178
3068,2000-09-01,5
3069,2000-09-01,19
3037,2000-09-01,27
3072,2000-09-01,16
3073,2000-09-01,39
3074,2000-09-01,9
3036,2000-09-01,11
3075,2000-09-01,29
3105,2000-09-01,31
3106,2000-09-01,16
3100,2000-09-01,20
3053,2000-09-01,3
3120,2000-09-01,13
3150,2000-09-01,10
3121,2000-09-01,42
3148,2000-09-01,16
3123,2000-09-01,49
3125,2000-09-01,10
3126,2000-09-01,18
3147,2000-09-01,34
3128,2000-09-01,63
3119,2000-09-01,12
3145,2000-09-01,30
3107,2000-09-01,15
3142,2000-09-01,38
3129,2000-09-01,86
3130,2000-09-01,18
3131,2000-09-01,21
3135,2000-09-01,57
3141,2000-09-01,26
3136,2000-09-01,20
3138,2000-09-01,26
3143,2000-09-01,9
3140,2000-09-01,84
3139,2000-09-01,23
3118,2000-09-01,101
3108,2000-09-01,84
3117,2000-09-01,16
3114,2000-09-01,25
3151,2000-09-01,102
3109,2000-09-01,12
3153,2000-09-01,11
3110,2000-09-01,59
3155,2000-09-01,25
3113,2000-09-01,7
3154,2000-09-01,45
3112,2000-09-01,11
2808,2000-10-01,29
2849,2000-10-01,58
2801,2000-10-01,12
3512,2000-10-01,2
2804,2000-10-01,40
5413,2000-10-01,2
2809,2000-10-01,54
2805,2000-10-01,29
2847,2000-10-01,23
2845,2000-10-01,20
2807,2000-10-01,43
2802,2000-10-01,4
2844,2000-10-01,20
2824,2000-10-01,43
2810,2000-10-01,65
2825,2000-10-01,58
4387,2000-10-01,1
2826,2000-10-01,30
2828,2000-10-01,32
3524,2000-10-01,4
2821,2000-10-01,15
4579,2000-10-01,15
2830,2000-10-01,8
3520,2000-10-01,3
2820,2000-10-01,53
2841,2000-10-01,69
2831,2000-10-01,19
2832,2000-10-01,35
3518,2000-10-01,1
2818,2000-10-01,60
2833,2000-10-01,15
2817,2000-10-01,31
2814,2000-10-01,50
2837,2000-10-01,42
2813,2000-10-01,6
2811,2000-10-01,15
2840,2000-10-01,20
2819,2000-10-01,7
2838,2000-10-01,26
2803,2000-10-01,19
5443,2000-10-01,2
2878,2000-10-01,91
3471,2000-10-01,2
5458,2000-10-01,2
2879,2000-10-01,9
2880,2000-10-01,3
2881,2000-10-01,25
2885,2000-10-01,67
2886,2000-10-01,28
3462,2000-10-01,2
2887,2000-10-01,89
2888,2000-10-01,42
2877,2000-10-01,7
2889,2000-10-01,38
2892,2000-10-01,31
2894,2000-10-01,50
4541,2000-10-01,1
3454,2000-10-01,17
2895,2000-10-01,121
3453,2000-10-01,1
5831,2000-10-01,1
2896,2000-10-01,37
3452,2000-10-01,5
2897,2000-10-01,27
2898,2000-10-01,10
2890,2000-10-01,28
3504,2000-10-01,2
2876,2000-10-01,46
2873,2000-10-01,47
2851,2000-10-01,8
4406,2000-10-01,45
3503,2000-10-01,2
2852,2000-10-01,53
2853,2000-10-01,25
2854,2000-10-01,83
2855,2000-10-01,21
2857,2000-10-01,40
2859,2000-10-01,4
5948,2000-10-01,1
3492,2000-10-01,8
2875,2000-10-01,22
2860,2000-10-01,47
2862,2000-10-01,32
2865,2000-10-01,14
2800,2000-10-01,26
2866,2000-10-01,35
3483,2000-10-01,13
2867,2000-10-01,17
2868,2000-10-01,36
4411,2000-10-01,166
5450,2000-10-01,1
2871,2000-10-01,5
2872,2000-10-01,78
2861,2000-10-01,6
2798,2000-10-01,27
3688,2000-10-01,6
2793,2000-10-01,272
5113,2000-10-01,13
3833,2000-10-01,4
4861,2000-10-01,18
4116,2000-10-01,2
3822,2000-10-01,3
3819,2000-10-01,13
4126,2000-10-01,5
4829,2000-10-01,1
3807,2000-10-01,17
4868,2000-10-01,2
4823,2000-10-01,1
5173,2000-10-01,1
4815,2000-10-01,5
3792,2000-10-01,10
5184,2000-10-01,1
4802,2000-10-01,1
4795,2000-10-01,1
4169,2000-10-01,161
5208,2000-10-01,2
3757,2000-10-01,4
4816,2000-10-01,2
4771,2000-10-01,7
4089,2000-10-01,2
4875,2000-10-01,2
5737,2000-10-01,1
3963,2000-10-01,2
5015,2000-10-01,4
3982,2000-10-01,1
3946,2000-10-01,1
5733,2000-10-01,4
3942,2000-10-01,4
5886,2000-10-01,1
4951,2000-10-01,1
4085,2000-10-01,1
4002,2000-10-01,1
5053,2000-10-01,1
3908,2000-10-01,1
4933,2000-10-01,1
4039,2000-10-01,12
3885,2000-10-01,20
4058,2000-10-01,2
5090,2000-10-01,10
3845,2000-10-01,5
4084,2000-10-01,3
4005,2000-10-01,1
2794,2000-10-01,35
5241,2000-10-01,3
4765,2000-10-01,34
3624,2000-10-01,2
5359,2000-10-01,11
3620,2000-10-01,11
5367,2000-10-01,4
3607,2000-10-01,35
5841,2000-10-01,5
3602,2000-10-01,3
4600,2000-10-01,1
5395,2000-10-01,1
4647,2000-10-01,1
3591,2000-10-01,2
4593,2000-10-01,2
2779,2000-10-01,20
5840,2000-10-01,19
2781,2000-10-01,23
2786,2000-10-01,46
2787,2000-10-01,50
2788,2000-10-01,62
2790,2000-10-01,54
2792,2000-10-01,10
3590,2000-10-01,10
3733,2000-10-01,2
3650,2000-10-01,100
4305,2000-10-01,11
5689,2000-10-01,1
5250,2000-10-01,1
5251,2000-10-01,13
4753,2000-10-01,9
4751,2000-10-01,1
5256,2000-10-01,2
5267,2000-10-01,1
4258,2000-10-01,5
5923,2000-10-01,3
5333,2000-10-01,3
2899,2000-10-01,100
4277,2000-10-01,7
4700,2000-10-01,2
3681,2000-10-01,1
4697,2000-10-01,1
3673,2000-10-01,16
5317,2000-10-01,92
5322,2000-10-01,2
4673,2000-10-01,7
3658,2000-10-01,57
3685,2000-10-01,2
2900,2000-10-01,122
4992,2000-10-01,1
2902,2000-10-01,9
2999,2000-10-01,10
3367,2000-10-01,37
3196,2000-10-01,32
3001,2000-10-01,95
3002,2000-10-01,51
3003,2000-10-01,24
3004,2000-10-01,37
3005,2000-10-01,36
2997,2000-10-01,48
3006,2000-10-01,23
3008,2000-10-01,10
3009,2000-10-01,9
3200,2000-10-01,2
3010,2000-10-01,13
3011,2000-10-01,23
3012,2000-10-01,39
3013,2000-10-01,70
3014,2000-10-01,20
3007,2000-10-01,44
2996,2000-10-01,45
2995,2000-10-01,71
2994,2000-10-01,22
3391,2000-10-01,6
2963,2000-10-01,12
2966,2000-10-01,81
2967,2000-10-01,86
2968,2000-10-01,35
2969,2000-10-01,10
2970,2000-10-01,26
2971,2000-10-01,12
2972,2000-10-01,46
2974,2000-10-01,64
2975,2000-10-01,31
3378,2000-10-01,1
2978,2000-10-01,27
2983,2000-10-01,30
2986,2000-10-01,38
2989,2000-10-01,32
2990,2000-10-01,106
2992,2000-10-01,11
2993,2000-10-01,28
3015,2000-10-01,5
3128,2000-10-01,1
3203,2000-10-01,6
3017,2000-10-01,21
3090,2000-10-01,2
3259,2000-10-01,1
2901,2000-10-01,94
3261,2000-10-01,1
3080,2000-10-01,4
3266,2000-10-01,1
4465,2000-10-01,2
3272,2000-10-01,23
3313,2000-10-01,2
3051,2000-10-01,2
3054,2000-10-01,72
3069,2000-10-01,10
3278,2000-10-01,15
3065,2000-10-01,48
3299,2000-10-01,1
3057,2000-10-01,16
3058,2000-10-01,9
3292,2000-10-01,7
3053,2000-10-01,14
3036,2000-10-01,58
3035,2000-10-01,6
3033,2000-10-01,1
3018,2000-10-01,26
4497,2000-10-01,45
3020,2000-10-01,34
3024,2000-10-01,39
3025,2000-10-01,75
3026,2000-10-01,56
3106,2000-10-01,6
3217,2000-10-01,1
3101,2000-10-01,2
3027,2000-10-01,14
3028,2000-10-01,21
3029,2000-10-01,235
3331,2000-10-01,2
3229,2000-10-01,9
3097,2000-10-01,2
3031,2000-10-01,93
3327,2000-10-01,1
3095,2000-10-01,2
3032,2000-10-01,54
3016,2000-10-01,16
5972,2000-10-01,1
3201,2000-10-01,31
2935,2000-10-01,44
2944,2000-10-01,13
2907,2000-10-01,152
2927,2000-10-01,16
2943,2000-10-01,65
2942,2000-10-01,76
4448,2000-10-01,1
2914,2000-10-01,46
5595,2000-10-01,1
3430,2000-10-01,4
2908,2000-10-01,9
2941,2000-10-01,38
2909,2000-10-01,360
3163,2000-10-01,2
3158,2000-10-01,3
2939,2000-10-01,36
2938,2000-10-01,54
5812,2000-10-01,1
2936,2000-10-01,24
5620,2000-10-01,12
2928,2000-10-01,136
2911,2000-10-01,9
3435,2000-10-01,14
2913,2000-10-01,96
2934,2000-10-01,25
2933,2000-10-01,35
2929,2000-10-01,105
2917,2000-10-01,5
2916,2000-10-01,77
4489,2000-10-01,12
2905,2000-10-01,14
2945,2000-10-01,22
2931,2000-10-01,70
5493,2000-10-01,1
3182,2000-10-01,3
2922,2000-10-01,38
2946,2000-10-01,10
2952,2000-10-01,68
2918,2000-10-01,50
2951,2000-10-01,25
2950,2000-10-01,15
2904,2000-10-01,13
2953,2000-10-01,15
2955,2000-10-01,40
2903,2000-10-01,47
3441,2000-10-01,21
2949,2000-10-01,14
2919,2000-10-01,14
2925,2000-10-01,6
3150,2000-10-01,13
2957,2000-10-01,37
2948,2000-10-01,22
2962,2000-10-01,2
1276,2000-11-01,29
1412,2000-11-01,7
1441,2000-11-01,24
1411,2000-11-01,18
1445,2000-11-01,9
1279,2000-11-01,16
1442,2000-11-01,26
1446,2000-11-01,63
1798,2000-11-01,10
1440,2000-11-01,25
4831,2000-11-01,3
1413,2000-11-01,29
1278,2000-11-01,22
1437,2000-11-01,97
1425,2000-11-01,68
1800,2000-11-01,79
1424,2000-11-01,7
1423,2000-11-01,44
1427,2000-11-01,37
1421,2000-11-01,26
1428,2000-11-01,25
1430,2000-11-01,49
1433,2000-11-01,11
1420,2000-11-01,73
1418,2000-11-01,12
4858,2000-11-01,1
1436,2000-11-01,18
1799,2000-11-01,15
1277,2000-11-01,15
4983,2000-11-01,8
1426,2000-11-01,66
1311,2000-11-01,47
1449,2000-11-01,50
1475,2000-11-01,40
1476,2000-11-01,13
1477,2000-11-01,12
1478,2000-11-01,13
1480,2000-11-01,8
1481,2000-11-01,48
1482,2000-11-01,10
1483,2000-11-01,47
1273,2000-11-01,83
1474,2000-11-01,41
1272,2000-11-01,58
4791,2000-11-01,1
4790,2000-11-01,1
1485,2000-11-01,9
1795,2000-11-01,13
1486,2000-11-01,7
1487,2000-11-01,8
1488,2000-11-01,10
1489,2000-11-01,35
1490,2000-11-01,51
1484,2000-11-01,29
1473,2000-11-01,18
1472,2000-11-01,49
4802,2000-11-01,5
1797,2000-11-01,89
1275,2000-11-01,18
1451,2000-11-01,137
4821,2000-11-01,1
1452,2000-11-01,8
1455,2000-11-01,12
1456,2000-11-01,10
1274,2000-11-01,63
1457,2000-11-01,18
1459,2000-11-01,12
1461,2000-11-01,13
1463,2000-11-01,2
1410,2000-11-01,26
1465,2000-11-01,114
1466,2000-11-01,51
1467,2000-11-01,4
1468,2000-11-01,24
1796,2000-11-01,54
1469,2000-11-01,13
1470,2000-11-01,63
1471,2000-11-01,7
1448,2000-11-01,4
1280,2000-11-01,14
1284,2000-11-01,90
1281,2000-11-01,30
1292,2000-11-01,12
1325,2000-11-01,70
1327,2000-11-01,19
1291,2000-11-01,55
1290,2000-11-01,17
1811,2000-11-01,7
1329,2000-11-01,14
1330,2000-11-01,20
1289,2000-11-01,22
1331,2000-11-01,31
1333,2000-11-01,247
1334,2000-11-01,20
1335,2000-11-01,41
1288,2000-11-01,17
1338,2000-11-01,40
1341,2000-11-01,18
1343,2000-11-01,110
1345,2000-11-01,63
1346,2000-11-01,7
1347,2000-11-01,9
1349,2000-11-01,33
1324,2000-11-01,43
1491,2000-11-01,25
1323,2000-11-01,32
1321,2000-11-01,25
1308,2000-11-01,22
4950,2000-11-01,1
1810,2000-11-01,12
1312,2000-11-01,16
1306,2000-11-01,51
1305,2000-11-01,8
1314,2000-11-01,38
1304,2000-11-01,32
1303,2000-11-01,97
1315,2000-11-01,55
1807,2000-11-01,54
1302,2000-11-01,12
1301,2000-11-01,67
1300,2000-11-01,49
1317,2000-11-01,82
1319,2000-11-01,6
1299,2000-11-01,85
1298,2000-11-01,79
1320,2000-11-01,42
1297,2000-11-01,94
1294,2000-11-01,73
1322,2000-11-01,143
1409,2000-11-01,35
1351,2000-11-01,6
1356,2000-11-01,69
1387,2000-11-01,49
1388,2000-11-01,17
1812,2000-11-01,195
1389,2000-11-01,124
1805,2000-11-01,76
1391,2000-11-01,21
1392,2000-11-01,33
4875,2000-11-01,33
1393,2000-11-01,50
1395,2000-11-01,52
1396,2000-11-01,59
1399,2000-11-01,23
1804,2000-11-01,25
1803,2000-11-01,18
1400,2000-11-01,26
1403,2000-11-01,18
1283,2000-11-01,12
1802,2000-11-01,86
1404,2000-11-01,26
1407,2000-11-01,61
1282,2000-11-01,8
1386,2000-11-01,19
1354,2000-11-01,82
1383,2000-11-01,62
1381,2000-11-01,16
1357,2000-11-01,28
1358,2000-11-01,32
1359,2000-11-01,26
1360,2000-11-01,27
1361,2000-11-01,54
1363,2000-11-01,11
1364,2000-11-01,17
1366,2000-11-01,28
1367,2000-11-01,46
1806,2000-11-01,39
1368,2000-11-01,21
1369,2000-11-01,89
1370,2000-11-01,22
1286,2000-11-01,11
1371,2000-11-01,26
1373,2000-11-01,19
1374,2000-11-01,27
1375,2000-11-01,16
1377,2000-11-01,29
1378,2000-11-01,38
1380,2000-11-01,29
1285,2000-11-01,287
1492,2000-11-01,28
1556,2000-11-01,13
1495,2000-11-01,16
1676,2000-11-01,167
1677,2000-11-01,12
1778,2000-11-01,65
1678,2000-11-01,16
1679,2000-11-01,23
1680,2000-11-01,406
4517,2000-11-01,4
1681,2000-11-01,43
1683,2000-11-01,51
1684,2000-11-01,18
1675,2000-11-01,78
1685,2000-11-01,61
1688,2000-11-01,47
1689,2000-11-01,15
1690,2000-11-01,30
1691,2000-11-01,16
1692,2000-11-01,115
1777,2000-11-01,12
1693,2000-11-01,66
1775,2000-11-01,19
1694,2000-11-01,86
1271,2000-11-01,86
1687,2000-11-01,97
1695,2000-11-01,60
1673,2000-11-01,43
1671,2000-11-01,149
1636,2000-11-01,29
1639,2000-11-01,85
1641,2000-11-01,22
1642,2000-11-01,13
1645,2000-11-01,172
1647,2000-11-01,57
1648,2000-11-01,19
1779,2000-11-01,1
1649,2000-11-01,22
1652,2000-11-01,6
1672,2000-11-01,12
1653,2000-11-01,8
1655,2000-11-01,40
1657,2000-11-01,5
1661,2000-11-01,10
1662,2000-11-01,7
5812,2000-11-01,5
1663,2000-11-01,19
1665,2000-11-01,19
1667,2000-11-01,40
1668,2000-11-01,10
1670,2000-11-01,44
1654,2000-11-01,33
1696,2000-11-01,70
1697,2000-11-01,138
1773,2000-11-01,23
1723,2000-11-01,30
1758,2000-11-01,128
1724,2000-11-01,16
1757,2000-11-01,113
1726,2000-11-01,39
1727,2000-11-01,120
1728,2000-11-01,19
1732,2000-11-01,20
1756,2000-11-01,10
1755,2000-11-01,33
1759,2000-11-01,52
1733,2000-11-01,7
1736,2000-11-01,27
1737,2000-11-01,26
1752,2000-11-01,9
1750,2000-11-01,13
1740,2000-11-01,25
1741,2000-11-01,269
1749,2000-11-01,26
1743,2000-11-01,40
1746,2000-11-01,221
1744,2000-11-01,47
1753,2000-11-01,112
1722,2000-11-01,90
1720,2000-11-01,10
1760,2000-11-01,14
1698,2000-11-01,194
1699,2000-11-01,78
1701,2000-11-01,14
1702,2000-11-01,31
4578,2000-11-01,4
1771,2000-11-01,14
1703,2000-11-01,10
1704,2000-11-01,19
1705,2000-11-01,14
1706,2000-11-01,64
1707,2000-11-01,45
1768,2000-11-01,28
1708,2000-11-01,6
1709,2000-11-01,81
1712,2000-11-01,14
1714,2000-11-01,32
1716,2000-11-01,27
1717,2000-11-01,71
1767,2000-11-01,51
1765,2000-11-01,38
1764,2000-11-01,175
1718,2000-11-01,19
1762,2000-11-01,23
1635,2000-11-01,202
1632,2000-11-01,52
1631,2000-11-01,67
1628,2000-11-01,87
1528,2000-11-01,31
1530,2000-11-01,58
1532,2000-11-01,76
1533,2000-11-01,18
1790,2000-11-01,147
1536,2000-11-01,18
1537,2000-11-01,10
1538,2000-11-01,22
1541,2000-11-01,16
1542,2000-11-01,51
1527,2000-11-01,7
1543,2000-11-01,19
4728,2000-11-01,17
1546,2000-11-01,60
4727,2000-11-01,3
1548,2000-11-01,14
1552,2000-11-01,82
1554,2000-11-01,10
1789,2000-11-01,20
1555,2000-11-01,44
1557,2000-11-01,17
1560,2000-11-01,11
1544,2000-11-01,37
1526,2000-11-01,11
1524,2000-11-01,60
1523,2000-11-01,20
1496,2000-11-01,20
1497,2000-11-01,50
1498,2000-11-01,18
1499,2000-11-01,43
1500,2000-11-01,14
1501,2000-11-01,65
1502,2000-11-01,38
1793,2000-11-01,57
1503,2000-11-01,19
1506,2000-11-01,15
1507,2000-11-01,45
1508,2000-11-01,8
1509,2000-11-01,17
1510,2000-11-01,10
1511,2000-11-01,27
1513,2000-11-01,37
1514,2000-11-01,42
1792,2000-11-01,12
1516,2000-11-01,24
1791,2000-11-01,28
5782,2000-11-01,1
1518,2000-11-01,13
1520,2000-11-01,10
1563,2000-11-01,28
1494,2000-11-01,37
1564,2000-11-01,11
1566,2000-11-01,6
1602,2000-11-01,47
1603,2000-11-01,18
1780,2000-11-01,24
1604,2000-11-01,8
1605,2000-11-01,37
1606,2000-11-01,69
1607,2000-11-01,25
1609,2000-11-01,35
1611,2000-11-01,27
1613,2000-11-01,133
1600,2000-11-01,53
1614,2000-11-01,5
4656,2000-11-01,1
1617,2000-11-01,39
1618,2000-11-01,44
1620,2000-11-01,12
4653,2000-11-01,22
1622,2000-11-01,6
1623,2000-11-01,27
1624,2000-11-01,69
1626,2000-11-01,51
1627,2000-11-01,5
1616,2000-11-01,42
1599,2000-11-01,59
1597,2000-11-01,17
1595,2000-11-01,46
1567,2000-11-01,32
1569,2000-11-01,60
1573,2000-11-01,7
1574,2000-11-01,20
1575,2000-11-01,14
1577,2000-11-01,41
1579,2000-11-01,33
1581,2000-11-01,7
4697,2000-11-01,2
1785,2000-11-01,13
1582,2000-11-01,6
1583,2000-11-01,16
1584,2000-11-01,57
1585,2000-11-01,18
1586,2000-11-01,241
1587,2000-11-01,75
1588,2000-11-01,23
1590,2000-11-01,3
1781,2000-11-01,24
1591,2000-11-01,168
1592,2000-11-01,48
1593,2000-11-01,12
1594,2000-11-01,36
1788,2000-11-01,8
1650,2000-11-01,40
1051,2000-11-01,150
1268,2000-11-01,109
854,2000-11-01,15
855,2000-11-01,18
857,2000-11-01,26
858,2000-11-01,88
861,2000-11-01,30
862,2000-11-01,6
863,2000-11-01,27
864,2000-11-01,4
865,2000-11-01,9
866,2000-11-01,8
867,2000-11-01,13
869,2000-11-01,127
870,2000-11-01,10
873,2000-11-01,14
875,2000-11-01,43
876,2000-11-01,26
877,2000-11-01,77
878,2000-11-01,26
881,2000-11-01,43
882,2000-11-01,39
884,2000-11-01,6
885,2000-11-01,21
887,2000-11-01,9
851,2000-11-01,9
850,2000-11-01,95
848,2000-11-01,27
847,2000-11-01,20
817,2000-11-01,133
818,2000-11-01,50
819,2000-11-01,16
820,2000-11-01,28
822,2000-11-01,53
823,2000-11-01,13
824,2000-11-01,64
826,2000-11-01,7
828,2000-11-01,17
829,2000-11-01,49
830,2000-11-01,48
889,2000-11-01,92
831,2000-11-01,12
834,2000-11-01,21
837,2000-11-01,6
838,2000-11-01,64
839,2000-11-01,130
840,2000-11-01,12
842,2000-11-01,10
843,2000-11-01,28
844,2000-11-01,19
5367,2000-11-01,4
845,2000-11-01,21
846,2000-11-01,50
832,2000-11-01,10
816,2000-11-01,38
890,2000-11-01,26
894,2000-11-01,38
935,2000-11-01,14
937,2000-11-01,21
938,2000-11-01,10
940,2000-11-01,22
942,2000-11-01,7
943,2000-11-01,32
945,2000-11-01,16
946,2000-11-01,19
948,2000-11-01,183
949,2000-11-01,125
951,2000-11-01,15
952,2000-11-01,35
953,2000-11-01,70
954,2000-11-01,27
955,2000-11-01,68
956,2000-11-01,27
957,2000-11-01,58
958,2000-11-01,48
960,2000-11-01,42
963,2000-11-01,39
964,2000-11-01,19
965,2000-11-01,31
5267,2000-11-01,2
933,2000-11-01,21
931,2000-11-01,56
930,2000-11-01,7
929,2000-11-01,88
895,2000-11-01,21
896,2000-11-01,18
897,2000-11-01,25
5322,2000-11-01,2
899,2000-11-01,51
902,2000-11-01,13
903,2000-11-01,9
904,2000-11-01,13
905,2000-11-01,31
906,2000-11-01,10
909,2000-11-01,27
891,2000-11-01,72
911,2000-11-01,91
914,2000-11-01,23
916,2000-11-01,15
917,2000-11-01,13
919,2000-11-01,74
921,2000-11-01,28
922,2000-11-01,89
923,2000-11-01,10
924,2000-11-01,23
926,2000-11-01,24
927,2000-11-01,21
928,2000-11-01,109
912,2000-11-01,10
814,2000-11-01,20
812,2000-11-01,27
811,2000-11-01,22
709,2000-11-01,15
710,2000-11-01,67
711,2000-11-01,34
712,2000-11-01,42
713,2000-11-01,40
714,2000-11-01,58
715,2000-11-01,27
716,2000-11-01,75
5493,2000-11-01,25
718,2000-11-01,38
720,2000-11-01,13
721,2000-11-01,25
722,2000-11-01,14
725,2000-11-01,16
727,2000-11-01,23
728,2000-11-01,8
729,2000-11-01,25
730,2000-11-01,14
731,2000-11-01,201
732,2000-11-01,59
733,2000-11-01,39
734,2000-11-01,12
735,2000-11-01,33
707,2000-11-01,5
705,2000-11-01,22
704,2000-11-01,8
703,2000-11-01,7
5595,2000-11-01,1
671,2000-11-01,19
672,2000-11-01,15
673,2000-11-01,132
674,2000-11-01,32
676,2000-11-01,1
677,2000-11-01,79
678,2000-11-01,19
682,2000-11-01,58
683,2000-11-01,7
685,2000-11-01,15
736,2000-11-01,21
687,2000-11-01,39
690,2000-11-01,70
692,2000-11-01,2
5520,2000-11-01,2
693,2000-11-01,32
694,2000-11-01,9
695,2000-11-01,33
696,2000-11-01,77
697,2000-11-01,36
699,2000-11-01,50
701,2000-11-01,6
702,2000-11-01,65
689,2000-11-01,17
737,2000-11-01,19
739,2000-11-01,56
740,2000-11-01,17
778,2000-11-01,52
5428,2000-11-01,25
780,2000-11-01,50
781,2000-11-01,52
783,2000-11-01,4
784,2000-11-01,17
785,2000-11-01,19
787,2000-11-01,13
788,2000-11-01,28
790,2000-11-01,14
793,2000-11-01,19
776,2000-11-01,41
794,2000-11-01,18
796,2000-11-01,23
798,2000-11-01,95
800,2000-11-01,81
801,2000-11-01,46
802,2000-11-01,84
805,2000-11-01,26
806,2000-11-01,26
807,2000-11-01,10
808,2000-11-01,25
809,2000-11-01,45
810,2000-11-01,31
795,2000-11-01,8
967,2000-11-01,12
774,2000-11-01,17
771,2000-11-01,5
741,2000-11-01,20
742,2000-11-01,12
743,2000-11-01,15
744,2000-11-01,76
746,2000-11-01,17
748,2000-11-01,34
749,2000-11-01,35
751,2000-11-01,6
752,2000-11-01,88
754,2000-11-01,37
757,2000-11-01,33
772,2000-11-01,21
758,2000-11-01,1
760,2000-11-01,26
761,2000-11-01,13
762,2000-11-01,13
764,2000-11-01,105
765,2000-11-01,62
766,2000-11-01,10
767,2000-11-01,34
768,2000-11-01,27
769,2000-11-01,13
770,2000-11-01,80
5433,2000-11-01,1
759,2000-11-01,18
1269,2000-11-01,18
968,2000-11-01,22
975,2000-11-01,30
1158,2000-11-01,18
1161,2000-11-01,43
1164,2000-11-01,18
1168,2000-11-01,10
1170,2000-11-01,85
1171,2000-11-01,16
1172,2000-11-01,89
1173,2000-11-01,35
1175,2000-11-01,34
1176,2000-11-01,53
1177,2000-11-01,26
1179,2000-11-01,39
1181,2000-11-01,46
1182,2000-11-01,39
1183,2000-11-01,52
1184,2000-11-01,44
1185,2000-11-01,30
1186,2000-11-01,24
1188,2000-11-01,13
1191,2000-11-01,52
1193,2000-11-01,20
1194,2000-11-01,22
1195,2000-11-01,16
1157,2000-11-01,11
1154,2000-11-01,6
1153,2000-11-01,8
1152,2000-11-01,17
1125,2000-11-01,72
1126,2000-11-01,6
1127,2000-11-01,26
1128,2000-11-01,44
1129,2000-11-01,32
1130,2000-11-01,64
1131,2000-11-01,83
1132,2000-11-01,85
1133,2000-11-01,41
1134,2000-11-01,94
1135,2000-11-01,48
1196,2000-11-01,19
1137,2000-11-01,39
1139,2000-11-01,52
1140,2000-11-01,94
1141,2000-11-01,90
1142,2000-11-01,32
1145,2000-11-01,21
1146,2000-11-01,22
1147,2000-11-01,76
1148,2000-11-01,26
1149,2000-11-01,14
1150,2000-11-01,59
1151,2000-11-01,89
1138,2000-11-01,31
1124,2000-11-01,67
1197,2000-11-01,11
1199,2000-11-01,34
1233,2000-11-01,23
1234,2000-11-01,11
1235,2000-11-01,18
1239,2000-11-01,24
1241,2000-11-01,92
1242,2000-11-01,131
1243,2000-11-01,8
1244,2000-11-01,106
1245,2000-11-01,16
1246,2000-11-01,49
1250,2000-11-01,11
1251,2000-11-01,7
1253,2000-11-01,20
1254,2000-11-01,49
5008,2000-11-01,21
1255,2000-11-01,83
1260,2000-11-01,26
1261,2000-11-01,50
1262,2000-11-01,27
1263,2000-11-01,31
1264,2000-11-01,102
1266,2000-11-01,43
1267,2000-11-01,45
1232,2000-11-01,65
1231,2000-11-01,22
5034,2000-11-01,3
1230,2000-11-01,65
5060,2000-11-01,6
1202,2000-11-01,78
1203,2000-11-01,88
1205,2000-11-01,25
1206,2000-11-01,47
1207,2000-11-01,16
1208,2000-11-01,9
1209,2000-11-01,30
1210,2000-11-01,14
1211,2000-11-01,84
1212,2000-11-01,21
1198,2000-11-01,45
1213,2000-11-01,15
1216,2000-11-01,77
1217,2000-11-01,22
1219,2000-11-01,36
5046,2000-11-01,12
1220,2000-11-01,16
1221,2000-11-01,113
1223,2000-11-01,55
1224,2000-11-01,226
1225,2000-11-01,11
1228,2000-11-01,48
1229,2000-11-01,12
1215,2000-11-01,48
1123,2000-11-01,5
1121,2000-11-01,44
1120,2000-11-01,153
1016,2000-11-01,25
1017,2000-11-01,91
1018,2000-11-01,53
1019,2000-11-01,78
1021,2000-11-01,83
1022,2000-11-01,42
1023,2000-11-01,14
1024,2000-11-01,13
1027,2000-11-01,13
1029,2000-11-01,26
1030,2000-11-01,28
1031,2000-11-01,40
1032,2000-11-01,29
1033,2000-11-01,25
1034,2000-11-01,35
1035,2000-11-01,49
1036,2000-11-01,26
1038,2000-11-01,55
1039,2000-11-01,5
1040,2000-11-01,94
1041,2000-11-01,35
1045,2000-11-01,9
1048,2000-11-01,8
1015,2000-11-01,224
5689,2000-11-01,1
1014,2000-11-01,9
1013,2000-11-01,14
977,2000-11-01,65
978,2000-11-01,16
980,2000-11-01,18
981,2000-11-01,14
983,2000-11-01,38
984,2000-11-01,43
985,2000-11-01,51
986,2000-11-01,7
987,2000-11-01,38
990,2000-11-01,12
991,2000-11-01,14
1050,2000-11-01,22
996,2000-11-01,50
999,2000-11-01,34
1000,2000-11-01,28
1001,2000-11-01,12
1002,2000-11-01,7
5241,2000-11-01,6
1003,2000-11-01,11
1004,2000-11-01,49
1005,2000-11-01,50
1006,2000-11-01,6
1008,2000-11-01,9
1010,2000-11-01,55
998,2000-11-01,44
1813,2000-11-01,5
1052,2000-11-01,35
1053,2000-11-01,40
1087,2000-11-01,31
1088,2000-11-01,9
1089,2000-11-01,15
1092,2000-11-01,2
1094,2000-11-01,28
1095,2000-11-01,14
1096,2000-11-01,17
1097,2000-11-01,22
1099,2000-11-01,58
1100,2000-11-01,22
1101,2000-11-01,63
1086,2000-11-01,70
1102,2000-11-01,7
1106,2000-11-01,22
1109,2000-11-01,40
1110,2000-11-01,25
1111,2000-11-01,20
1112,2000-11-01,165
1113,2000-11-01,56
1114,2000-11-01,46
1115,2000-11-01,19
1116,2000-11-01,38
1117,2000-11-01,16
1119,2000-11-01,64
1105,2000-11-01,8
970,2000-11-01,53
1084,2000-11-01,22
1081,2000-11-01,17
1054,2000-11-01,43
1056,2000-11-01,28
1057,2000-11-01,45
1058,2000-11-01,46
1059,2000-11-01,33
1060,2000-11-01,15
1061,2000-11-01,17
1062,2000-11-01,103
1063,2000-11-01,21
1064,2000-11-01,12
1065,2000-11-01,17
1082,2000-11-01,28
1066,2000-11-01,20
1068,2000-11-01,168
1069,2000-11-01,110
1070,2000-11-01,10
1071,2000-11-01,97
1072,2000-11-01,27
1073,2000-11-01,43
1074,2000-11-01,19
1077,2000-11-01,84
1078,2000-11-01,41
1079,2000-11-01,10
1080,2000-11-01,25
1067,2000-11-01,22
1815,2000-11-01,8
1884,2000-11-01,61
1817,2000-11-01,15
2451,2000-11-01,6
2452,2000-11-01,23
2453,2000-11-01,70
2454,2000-11-01,22
3842,2000-11-01,3
2455,2000-11-01,33
2457,2000-11-01,52
2458,2000-11-01,51
2460,2000-11-01,20
2461,2000-11-01,31
2462,2000-11-01,28
2464,2000-11-01,5
2465,2000-11-01,102
2466,2000-11-01,26
2467,2000-11-01,14
2468,2000-11-01,44
3833,2000-11-01,1
2471,2000-11-01,4
2472,2000-11-01,54
2473,2000-11-01,9
2474,2000-11-01,15
2475,2000-11-01,18
2476,2000-11-01,26
2446,2000-11-01,121
2477,2000-11-01,35
2445,2000-11-01,35
2441,2000-11-01,17
2405,2000-11-01,21
2407,2000-11-01,44
2409,2000-11-01,19
3885,2000-11-01,25
2411,2000-11-01,47
2414,2000-11-01,90
2416,2000-11-01,13
2417,2000-11-01,14
2419,2000-11-01,28
2420,2000-11-01,22
2421,2000-11-01,13
2423,2000-11-01,22
2425,2000-11-01,15
2427,2000-11-01,11
2429,2000-11-01,48
2430,2000-11-01,14
2431,2000-11-01,11
2432,2000-11-01,14
2434,2000-11-01,10
2435,2000-11-01,30
2436,2000-11-01,49
2437,2000-11-01,16
2438,2000-11-01,64
2444,2000-11-01,16
3888,2000-11-01,10
2478,2000-11-01,26
2481,2000-11-01,41
2521,2000-11-01,16
2522,2000-11-01,18
2523,2000-11-01,52
2525,2000-11-01,6
2526,2000-11-01,102
2528,2000-11-01,1
2529,2000-11-01,149
2530,2000-11-01,9
2532,2000-11-01,13
2533,2000-11-01,32
2534,2000-11-01,13
2535,2000-11-01,30
2537,2000-11-01,43
2539,2000-11-01,8
2540,2000-11-01,62
2541,2000-11-01,30
2543,2000-11-01,11
2544,2000-11-01,64
2546,2000-11-01,8
2547,2000-11-01,44
2552,2000-11-01,14
2554,2000-11-01,22
2555,2000-11-01,22
3792,2000-11-01,4
2480,2000-11-01,14
2520,2000-11-01,8
2517,2000-11-01,7
2482,2000-11-01,11
2483,2000-11-01,24
2484,2000-11-01,70
3821,2000-11-01,19
2485,2000-11-01,49
2486,2000-11-01,35
2487,2000-11-01,6
2492,2000-11-01,30
2493,2000-11-01,22
2496,2000-11-01,47
2497,2000-11-01,75
2498,2000-11-01,21
2499,2000-11-01,14
2502,2000-11-01,9
2503,2000-11-01,27
2504,2000-11-01,44
2506,2000-11-01,59
2507,2000-11-01,319
2510,2000-11-01,33
2511,2000-11-01,14
2512,2000-11-01,8
2513,2000-11-01,27
2514,2000-11-01,17
2518,2000-11-01,14
2556,2000-11-01,9
2403,2000-11-01,32
2401,2000-11-01,25
2279,2000-11-01,108
2280,2000-11-01,17
3982,2000-11-01,1
2281,2000-11-01,31
2283,2000-11-01,10
2284,2000-11-01,17
2285,2000-11-01,13
2288,2000-11-01,82
2289,2000-11-01,21
2290,2000-11-01,9
2293,2000-11-01,149
2294,2000-11-01,16
2295,2000-11-01,9
2296,2000-11-01,6
2297,2000-11-01,19
2298,2000-11-01,10
2299,2000-11-01,9
2300,2000-11-01,10
2303,2000-11-01,71
3965,2000-11-01,2
2304,2000-11-01,113
2307,2000-11-01,68
2309,2000-11-01,27
2278,2000-11-01,22
2311,2000-11-01,11
2276,2000-11-01,35
2273,2000-11-01,19
2239,2000-11-01,11
2240,2000-11-01,48
2241,2000-11-01,48
2242,2000-11-01,81
2243,2000-11-01,45
2244,2000-11-01,183
2246,2000-11-01,24
2247,2000-11-01,27
2249,2000-11-01,20
2251,2000-11-01,74
2254,2000-11-01,20
2255,2000-11-01,37
2256,2000-11-01,26
2258,2000-11-01,19
2259,2000-11-01,134
2262,2000-11-01,29
2263,2000-11-01,44
2264,2000-11-01,28
2265,2000-11-01,44
2267,2000-11-01,7
2270,2000-11-01,13
2271,2000-11-01,48
2272,2000-11-01,27
2275,2000-11-01,11
2402,2000-11-01,35
2313,2000-11-01,30
2317,2000-11-01,26
2359,2000-11-01,7
2362,2000-11-01,16
2363,2000-11-01,20
2364,2000-11-01,16
2365,2000-11-01,16
2368,2000-11-01,99
2369,2000-11-01,17
2370,2000-11-01,22
2371,2000-11-01,26
2372,2000-11-01,37
2374,2000-11-01,48
2375,2000-11-01,8
2376,2000-11-01,78
2377,2000-11-01,7
1816,2000-11-01,24
2383,2000-11-01,33
2389,2000-11-01,54
2390,2000-11-01,16
2392,2000-11-01,17
2393,2000-11-01,32
2394,2000-11-01,22
2397,2000-11-01,19
2398,2000-11-01,53
2358,2000-11-01,12
2316,2000-11-01,41
2357,2000-11-01,9
2354,2000-11-01,11
2318,2000-11-01,7
3952,2000-11-01,8
2321,2000-11-01,27
2322,2000-11-01,8
2323,2000-11-01,59
2325,2000-11-01,5
2326,2000-11-01,24
2327,2000-11-01,8
2329,2000-11-01,10
2331,2000-11-01,29
2333,2000-11-01,14
2334,2000-11-01,29
2335,2000-11-01,26
2338,2000-11-01,44
2339,2000-11-01,22
2340,2000-11-01,221
2341,2000-11-01,5
2343,2000-11-01,14
2344,2000-11-01,20
2347,2000-11-01,8
2350,2000-11-01,9
2351,2000-11-01,30
2352,2000-11-01,11
2355,2000-11-01,30
2559,2000-11-01,41
2560,2000-11-01,21
2562,2000-11-01,39
2765,2000-11-01,22
2766,2000-11-01,42
2768,2000-11-01,24
2769,2000-11-01,47
3591,2000-11-01,3
2771,2000-11-01,17
2772,2000-11-01,30
2773,2000-11-01,39
2774,2000-11-01,84
2776,2000-11-01,126
2777,2000-11-01,127
2778,2000-11-01,38
2779,2000-11-01,13
2786,2000-11-01,41
2793,2000-11-01,1
3562,2000-11-01,2
2802,2000-11-01,3
2810,2000-11-01,5
2814,2000-11-01,1
3540,2000-11-01,6
2825,2000-11-01,14
2826,2000-11-01,10
2828,2000-11-01,1
2764,2000-11-01,119
3516,2000-11-01,1
2761,2000-11-01,63
2757,2000-11-01,35
2728,2000-11-01,8
2730,2000-11-01,48
2731,2000-11-01,132
2733,2000-11-01,50
2734,2000-11-01,35
2735,2000-11-01,5
2737,2000-11-01,75
2738,2000-11-01,55
2740,2000-11-01,22
2741,2000-11-01,16
2743,2000-11-01,80
2744,2000-11-01,10
2745,2000-11-01,43
3610,2000-11-01,4
2746,2000-11-01,11
2747,2000-11-01,63
2748,2000-11-01,72
2749,2000-11-01,23
2750,2000-11-01,97
2752,2000-11-01,58
2753,2000-11-01,80
2754,2000-11-01,25
2756,2000-11-01,49
2760,2000-11-01,10
2727,2000-11-01,15
2841,2000-11-01,3
2844,2000-11-01,3
3413,2000-11-01,1
3412,2000-11-01,1
3411,2000-11-01,1
3405,2000-11-01,10
3400,2000-11-01,16
3001,2000-11-01,4
3013,2000-11-01,1
3014,2000-11-01,1
3015,2000-11-01,6
5985,2000-11-01,1
3312,2000-11-01,4
3299,2000-11-01,9
3058,2000-11-01,1
3285,2000-11-01,1
3093,2000-11-01,2
3233,2000-11-01,17
3224,2000-11-01,1
3203,2000-11-01,7
3128,2000-11-01,1
3150,2000-11-01,3
3159,2000-11-01,1
3158,2000-11-01,1
3154,2000-11-01,4
2936,2000-11-01,6
3512,2000-11-01,2
3423,2000-11-01,1
2919,2000-11-01,33
3509,2000-11-01,1
2847,2000-11-01,2
2849,2000-11-01,9
3504,2000-11-01,1
3503,2000-11-01,4
2859,2000-11-01,15
2860,2000-11-01,74
2866,2000-11-01,2
2868,2000-11-01,1
2872,2000-11-01,8
3475,2000-11-01,54
2876,2000-11-01,1
3471,2000-11-01,31
2878,2000-11-01,3
3464,2000-11-01,7
2885,2000-11-01,3
2889,2000-11-01,1
2895,2000-11-01,15
2896,2000-11-01,3
3437,2000-11-01,3
2917,2000-11-01,12
3430,2000-11-01,3
2918,2000-11-01,3
3424,2000-11-01,1
2726,2000-11-01,58
2724,2000-11-01,48
2721,2000-11-01,12
2604,2000-11-01,17
2605,2000-11-01,45
2606,2000-11-01,18
2607,2000-11-01,28
2608,2000-11-01,95
2609,2000-11-01,97
2611,2000-11-01,97
2613,2000-11-01,7
2615,2000-11-01,13
2618,2000-11-01,7
2619,2000-11-01,40
2620,2000-11-01,31
2621,2000-11-01,20
2623,2000-11-01,15
3704,2000-11-01,1
2624,2000-11-01,104
2625,2000-11-01,17
2627,2000-11-01,25
2628,2000-11-01,55
2629,2000-11-01,75
2631,2000-11-01,43
2634,2000-11-01,41
3695,2000-11-01,7
2601,2000-11-01,6
2638,2000-11-01,32
2600,2000-11-01,13
2595,2000-11-01,28
2564,2000-11-01,16
2565,2000-11-01,79
2567,2000-11-01,40
2570,2000-11-01,23
2571,2000-11-01,25
2572,2000-11-01,59
2573,2000-11-01,32
2574,2000-11-01,3
2575,2000-11-01,38
2578,2000-11-01,11
2579,2000-11-01,27
2580,2000-11-01,18
2581,2000-11-01,182
2582,2000-11-01,11
2583,2000-11-01,155
2586,2000-11-01,20
3733,2000-11-01,3
2587,2000-11-01,13
3732,2000-11-01,13
2590,2000-11-01,42
2592,2000-11-01,103
2593,2000-11-01,81
3729,2000-11-01,3
2599,2000-11-01,40
2641,2000-11-01,97
3691,2000-11-01,5
2642,2000-11-01,15
2687,2000-11-01,11
3665,2000-11-01,51
2688,2000-11-01,9
2689,2000-11-01,58
2690,2000-11-01,8
2691,2000-11-01,37
2692,2000-11-01,46
2693,2000-11-01,38
2694,2000-11-01,52
3650,2000-11-01,1
2695,2000-11-01,26
2697,2000-11-01,23
5927,2000-11-01,1
2698,2000-11-01,18
2699,2000-11-01,45
2700,2000-11-01,72
2701,2000-11-01,22
2703,2000-11-01,25
2709,2000-11-01,5
2712,2000-11-01,16
2714,2000-11-01,5
2716,2000-11-01,8
2719,2000-11-01,43
2685,2000-11-01,43
2684,2000-11-01,23
2682,2000-11-01,16
2681,2000-11-01,47
2643,2000-11-01,47
2644,2000-11-01,6
2646,2000-11-01,9
3688,2000-11-01,24
2647,2000-11-01,12
2648,2000-11-01,29
2649,2000-11-01,26
2653,2000-11-01,5
2654,2000-11-01,41
2656,2000-11-01,48
2657,2000-11-01,9
2238,2000-11-01,30
2659,2000-11-01,60
3681,2000-11-01,4
2664,2000-11-01,49
2665,2000-11-01,108
2666,2000-11-01,31
2668,2000-11-01,10
2670,2000-11-01,29
2674,2000-11-01,40
2676,2000-11-01,73
2678,2000-11-01,17
2679,2000-11-01,90
2680,2000-11-01,26
2660,2000-11-01,10
2237,2000-11-01,110
2378,2000-11-01,42
1903,2000-11-01,62
1972,2000-11-01,51
4327,2000-11-01,1
1839,2000-11-01,29
2072,2000-11-01,81
2073,2000-11-01,223
2074,2000-11-01,11
1971,2000-11-01,19
2071,2000-11-01,9
1970,2000-11-01,15
1871,2000-11-01,40
2076,2000-11-01,10
1837,2000-11-01,110
4465,2000-11-01,1
1875,2000-11-01,18
2078,2000-11-01,18
2079,2000-11-01,25
2075,2000-11-01,7
1969,2000-11-01,103
2070,2000-11-01,43
1973,2000-11-01,12
1869,2000-11-01,19
2056,2000-11-01,125
2059,2000-11-01,80
1842,2000-11-01,42
2062,2000-11-01,42
2063,2000-11-01,43
1841,2000-11-01,25
1870,2000-11-01,55
2064,2000-11-01,107
2067,2000-11-01,34
4217,2000-11-01,1
1974,2000-11-01,76
1904,2000-11-01,33
2068,2000-11-01,48
1840,2000-11-01,6
2069,2000-11-01,19
2065,2000-11-01,16
2055,2000-11-01,60
2082,2000-11-01,25
2083,2000-11-01,24
2100,2000-11-01,53
2101,2000-11-01,12
1831,2000-11-01,15
4169,2000-11-01,72
2102,2000-11-01,40
2105,2000-11-01,35
1880,2000-11-01,56
1963,2000-11-01,45
2106,2000-11-01,13
4164,2000-11-01,10
2108,2000-11-01,15
2109,2000-11-01,56
2110,2000-11-01,30
1828,2000-11-01,14
2112,2000-11-01,9
1960,2000-11-01,55
2107,2000-11-01,15
1878,2000-11-01,23
2099,2000-11-01,8
1965,2000-11-01,8
1968,2000-11-01,48
2085,2000-11-01,71
2088,2000-11-01,152
2090,2000-11-01,55
1966,2000-11-01,26
2091,2000-11-01,57
1836,2000-11-01,176
2098,2000-11-01,52
2092,2000-11-01,118
2093,2000-11-01,12
2094,2000-11-01,31
1834,2000-11-01,11
2095,2000-11-01,10
1879,2000-11-01,70
2096,2000-11-01,70
1832,2000-11-01,12
1835,2000-11-01,367
1881,2000-11-01,29
1843,2000-11-01,35
1846,2000-11-01,20
2009,2000-11-01,19
2010,2000-11-01,30
2011,2000-11-01,95
2013,2000-11-01,31
2014,2000-11-01,22
1991,2000-11-01,14
2015,2000-11-01,124
1858,2000-11-01,38
4449,2000-11-01,2
2016,2000-11-01,83
2017,2000-11-01,35
2018,2000-11-01,124
1987,2000-11-01,12
1857,2000-11-01,21
2020,2000-11-01,70
1867,2000-11-01,10
1988,2000-11-01,68
1985,2000-11-01,34
2236,2000-11-01,16
2007,2000-11-01,15
1998,2000-11-01,2
1865,2000-11-01,14
1863,2000-11-01,67
1866,2000-11-01,41
1999,2000-11-01,19
1861,2000-11-01,17
2000,2000-11-01,14
2008,2000-11-01,36
2001,2000-11-01,13
2002,2000-11-01,57
4448,2000-11-01,2
1995,2000-11-01,23
2003,2000-11-01,30
2004,2000-11-01,30
2006,2000-11-01,14
1994,2000-11-01,14
1859,2000-11-01,9
2054,2000-11-01,59
4277,2000-11-01,25
2021,2000-11-01,64
2038,2000-11-01,84
2041,2000-11-01,28
1978,2000-11-01,9
2042,2000-11-01,19
1976,2000-11-01,40
2044,2000-11-01,12
2045,2000-11-01,9
2037,2000-11-01,8
2047,2000-11-01,41
4241,2000-11-01,26
1975,2000-11-01,20
2049,2000-11-01,14
2050,2000-11-01,57
1851,2000-11-01,4
1850,2000-11-01,21
2051,2000-11-01,41
2048,2000-11-01,15
1856,2000-11-01,102
1980,2000-11-01,171
2035,2000-11-01,29
2022,2000-11-01,21
1984,2000-11-01,32
2023,2000-11-01,65
2024,2000-11-01,71
1868,2000-11-01,9
2025,2000-11-01,30
1855,2000-11-01,5
2036,2000-11-01,14
2026,2000-11-01,32
2027,2000-11-01,26
1852,2000-11-01,6
2029,2000-11-01,55
2030,2000-11-01,188
1983,2000-11-01,221
1982,2000-11-01,8
2032,2000-11-01,18
1853,2000-11-01,63
2116,2000-11-01,98
1830,2000-11-01,15
2118,2000-11-01,54
1927,2000-11-01,8
2180,2000-11-01,61
2181,2000-11-01,171
2184,2000-11-01,10
1926,2000-11-01,213
2185,2000-11-01,120
1925,2000-11-01,50
1895,2000-11-01,17
2186,2000-11-01,63
2188,2000-11-01,25
2190,2000-11-01,14
2195,2000-11-01,31
1922,2000-11-01,35
2199,2000-11-01,22
2201,2000-11-01,34
1896,2000-11-01,79
2187,2000-11-01,34
2202,2000-11-01,18
1928,2000-11-01,42
1929,2000-11-01,9
1941,2000-11-01,166
2170,2000-11-01,58
1940,2000-11-01,46
2171,2000-11-01,57
2173,2000-11-01,63
1939,2000-11-01,60
2175,2000-11-01,77
2179,2000-11-01,15
1938,2000-11-01,11
1935,2000-11-01,9
1934,2000-11-01,6
1932,2000-11-01,19
2177,2000-11-01,42
1931,2000-11-01,19
1930,2000-11-01,14
2178,2000-11-01,79
2176,2000-11-01,33
1893,2000-11-01,6
1920,2000-11-01,58
2204,2000-11-01,9
2222,2000-11-01,68
2223,2000-11-01,27
2224,2000-11-01,14
1912,2000-11-01,21
2225,2000-11-01,46
2226,2000-11-01,12
1911,2000-11-01,5
1913,2000-11-01,21
2227,2000-11-01,15
2228,2000-11-01,21
2230,2000-11-01,22
2231,2000-11-01,110
1902,2000-11-01,33
1906,2000-11-01,8
2233,2000-11-01,29
2235,2000-11-01,50
1908,2000-11-01,39
2203,2000-11-01,220
1819,2000-11-01,35
2221,2000-11-01,45
1897,2000-11-01,28
2206,2000-11-01,42
2208,2000-11-01,42
1917,2000-11-01,38
4386,2000-11-01,2
2211,2000-11-01,80
2212,2000-11-01,14
1901,2000-11-01,55
1916,2000-11-01,115
2214,2000-11-01,31
2215,2000-11-01,19
2217,2000-11-01,11
2219,2000-11-01,61
2220,2000-11-01,11
4387,2000-11-01,2
1899,2000-11-01,109
2213,2000-11-01,8
2168,2000-11-01,13
2174,2000-11-01,19
1820,2000-11-01,85
1823,2000-11-01,13
1952,2000-11-01,22
1950,2000-11-01,35
2140,2000-11-01,35
2141,2000-11-01,14
2143,2000-11-01,6
1822,2000-11-01,23
2138,2000-11-01,24
4126,2000-11-01,12
2145,2000-11-01,118
2167,2000-11-01,32
2147,2000-11-01,17
1821,2000-11-01,9
1885,2000-11-01,27
2148,2000-11-01,79
2150,2000-11-01,5
2144,2000-11-01,8
2151,2000-11-01,10
1954,2000-11-01,28
2136,2000-11-01,40
4471,2000-11-01,2
2120,2000-11-01,15
1959,2000-11-01,11
1958,2000-11-01,70
2121,2000-11-01,31
2122,2000-11-01,20
1882,2000-11-01,32
2137,2000-11-01,24
5874,2000-11-01,2
2125,2000-11-01,51
1956,2000-11-01,13
2131,2000-11-01,23
1883,2000-11-01,45
1826,2000-11-01,15
2134,2000-11-01,15
2135,2000-11-01,8
2124,2000-11-01,357
2153,2000-11-01,124
2146,2000-11-01,13
1996,2000-11-01,62
2158,2000-11-01,28
2156,2000-11-01,33
1891,2000-11-01,37
2155,2000-11-01,53
2160,2000-11-01,12
2161,2000-11-01,33
1944,2000-11-01,25
1890,2000-11-01,20
2157,2000-11-01,43
2162,2000-11-01,66
1947,2000-11-01,48
1942,2000-11-01,9
2154,2000-11-01,17
1949,2000-11-01,44
2166,2000-11-01,48
2164,2000-11-01,54
2165,2000-11-01,76
1892,2000-11-01,9
1943,2000-11-01,116
1889,2000-11-01,4
1948,2000-11-01,46
64,2000-12-01,10
455,2000-12-01,10
58,2000-12-01,148
208,2000-12-01,24
215,2000-12-01,22
214,2000-12-01,21
449,2000-12-01,16
453,2000-12-01,79
52,2000-12-01,15
240,2000-12-01,8
63,2000-12-01,16
445,2000-12-01,48
212,2000-12-01,19
241,2000-12-01,19
244,2000-12-01,27
60,2000-12-01,21
446,2000-12-01,45
54,2000-12-01,10
68,2000-12-01,14
444,2000-12-01,28
211,2000-12-01,12
245,2000-12-01,16
66,2000-12-01,14
242,2000-12-01,34
452,2000-12-01,73
62,2000-12-01,67
5831,2000-12-01,1
55,2000-12-01,10
56,2000-12-01,27
451,2000-12-01,116
210,2000-12-01,64
5585,2000-12-01,2
450,2000-12-01,20
454,2000-12-01,64
238,2000-12-01,61
53,2000-12-01,353
67,2000-12-01,30
320,2000-12-01,9
51,2000-12-01,10
533,2000-12-01,105
530,2000-12-01,40
529,2000-12-01,49
528,2000-12-01,61
526,2000-12-01,14
524,2000-12-01,246
523,2000-12-01,33
521,2000-12-01,23
520,2000-12-01,100
518,2000-12-01,3
517,2000-12-01,54
516,2000-12-01,19
515,2000-12-01,34
534,2000-12-01,28
512,2000-12-01,14
510,2000-12-01,34
509,2000-12-01,68
507,2000-12-01,3
506,2000-12-01,9
505,2000-12-01,40
504,2000-12-01,33
2,2000-12-01,34
503,2000-12-01,20
502,2000-12-01,11
3,2000-12-01,15
500,2000-12-01,30
499,2000-12-01,68
5,2000-12-01,21
511,2000-12-01,8
6,2000-12-01,17
536,2000-12-01,74
539,2000-12-01,35
584,2000-12-01,7
583,2000-12-01,38
580,2000-12-01,11
578,2000-12-01,9
577,2000-12-01,105
576,2000-12-01,14
575,2000-12-01,20
226,2000-12-01,5
571,2000-12-01,45
570,2000-12-01,13
569,2000-12-01,16
567,2000-12-01,46
566,2000-12-01,11
537,2000-12-01,43
564,2000-12-01,20
560,2000-12-01,40
558,2000-12-01,64
556,2000-12-01,45
553,2000-12-01,26
552,2000-12-01,17
551,2000-12-01,39
550,2000-12-01,211
549,2000-12-01,398
546,2000-12-01,47
544,2000-12-01,25
543,2000-12-01,254
542,2000-12-01,5
541,2000-12-01,43
563,2000-12-01,25
8,2000-12-01,45
9,2000-12-01,17
230,2000-12-01,65
475,2000-12-01,70
474,2000-12-01,72
5644,2000-12-01,2
40,2000-12-01,18
473,2000-12-01,21
236,2000-12-01,16
471,2000-12-01,35
41,2000-12-01,10
222,2000-12-01,24
42,2000-12-01,36
44,2000-12-01,46
469,2000-12-01,24
45,2000-12-01,28
38,2000-12-01,11
467,2000-12-01,18
463,2000-12-01,16
220,2000-12-01,50
462,2000-12-01,18
461,2000-12-01,58
46,2000-12-01,33
48,2000-12-01,26
460,2000-12-01,7
218,2000-12-01,9
216,2000-12-01,80
459,2000-12-01,8
5948,2000-12-01,1
49,2000-12-01,19
458,2000-12-01,9
466,2000-12-01,54
235,2000-12-01,146
37,2000-12-01,21
479,2000-12-01,23
496,2000-12-01,30
10,2000-12-01,101
11,2000-12-01,21
495,2000-12-01,13
17,2000-12-01,69
18,2000-12-01,105
233,2000-12-01,36
19,2000-12-01,26
22,2000-12-01,10
24,2000-12-01,28
25,2000-12-01,26
27,2000-12-01,40
28,2000-12-01,17
494,2000-12-01,91
493,2000-12-01,33
490,2000-12-01,26
30,2000-12-01,6
486,2000-12-01,15
225,2000-12-01,77
5972,2000-12-01,1
482,2000-12-01,107
31,2000-12-01,33
34,2000-12-01,52
481,2000-12-01,49
35,2000-12-01,32
224,2000-12-01,30
480,2000-12-01,15
36,2000-12-01,105
223,2000-12-01,65
237,2000-12-01,18
476,2000-12-01,125
408,2000-12-01,93
442,2000-12-01,28
118,2000-12-01,48
161,2000-12-01,168
157,2000-12-01,52
288,2000-12-01,36
289,2000-12-01,19
351,2000-12-01,25
156,2000-12-01,55
290,2000-12-01,9
119,2000-12-01,17
153,2000-12-01,8
291,2000-12-01,31
162,2000-12-01,19
350,2000-12-01,18
348,2000-12-01,26
152,2000-12-01,10
292,2000-12-01,9
293,2000-12-01,68
5722,2000-12-01,52
120,2000-12-01,15
347,2000-12-01,30
294,2000-12-01,8
295,2000-12-01,62
150,2000-12-01,53
346,2000-12-01,130
5874,2000-12-01,1
352,2000-12-01,164
357,2000-12-01,17
358,2000-12-01,20
377,2000-12-01,37
106,2000-12-01,13
169,2000-12-01,82
280,2000-12-01,18
107,2000-12-01,17
374,2000-12-01,28
111,2000-12-01,13
281,2000-12-01,43
284,2000-12-01,82
166,2000-12-01,92
372,2000-12-01,56
285,2000-12-01,53
165,2000-12-01,32
370,2000-12-01,19
164,2000-12-01,2
368,2000-12-01,58
366,2000-12-01,66
363,2000-12-01,12
112,2000-12-01,32
163,2000-12-01,13
359,2000-12-01,11
113,2000-12-01,15
115,2000-12-01,15
117,2000-12-01,71
287,2000-12-01,13
296,2000-12-01,41
278,2000-12-01,68
344,2000-12-01,12
343,2000-12-01,9
141,2000-12-01,7
331,2000-12-01,50
308,2000-12-01,23
309,2000-12-01,31
139,2000-12-01,88
330,2000-12-01,19
329,2000-12-01,29
327,2000-12-01,46
310,2000-12-01,39
138,2000-12-01,39
130,2000-12-01,85
307,2000-12-01,138
131,2000-12-01,32
311,2000-12-01,7
323,2000-12-01,36
314,2000-12-01,70
132,2000-12-01,32
133,2000-12-01,42
316,2000-12-01,27
134,2000-12-01,21
319,2000-12-01,54
322,2000-12-01,24
136,2000-12-01,65
321,2000-12-01,41
325,2000-12-01,21
143,2000-12-01,17
5737,2000-12-01,1
129,2000-12-01,50
299,2000-12-01,27
342,2000-12-01,21
341,2000-12-01,10
148,2000-12-01,77
300,2000-12-01,111
121,2000-12-01,43
339,2000-12-01,33
338,2000-12-01,43
301,2000-12-01,129
302,2000-12-01,64
303,2000-12-01,76
123,2000-12-01,39
337,2000-12-01,48
336,2000-12-01,67
147,2000-12-01,25
335,2000-12-01,19
305,2000-12-01,22
125,2000-12-01,23
126,2000-12-01,27
334,2000-12-01,14
146,2000-12-01,55
306,2000-12-01,20
127,2000-12-01,38
332,2000-12-01,20
128,2000-12-01,13
149,2000-12-01,151
379,2000-12-01,32
380,2000-12-01,42
275,2000-12-01,54
78,2000-12-01,10
424,2000-12-01,127
81,2000-12-01,58
255,2000-12-01,41
198,2000-12-01,91
5923,2000-12-01,1
420,2000-12-01,29
256,2000-12-01,34
257,2000-12-01,37
415,2000-12-01,38
196,2000-12-01,11
5841,2000-12-01,3
259,2000-12-01,27
413,2000-12-01,51
261,2000-12-01,71
412,2000-12-01,269
82,2000-12-01,35
83,2000-12-01,35
195,2000-12-01,116
262,2000-12-01,16
411,2000-12-01,31
86,2000-12-01,10
410,2000-12-01,27
5920,2000-12-01,7
260,2000-12-01,23
253,2000-12-01,11
252,2000-12-01,16
426,2000-12-01,61
69,2000-12-01,30
206,2000-12-01,11
441,2000-12-01,14
246,2000-12-01,11
205,2000-12-01,71
438,2000-12-01,83
436,2000-12-01,47
70,2000-12-01,17
435,2000-12-01,33
204,2000-12-01,39
433,2000-12-01,12
248,2000-12-01,15
202,2000-12-01,84
432,2000-12-01,9
430,2000-12-01,32
201,2000-12-01,24
73,2000-12-01,34
429,2000-12-01,75
249,2000-12-01,49
428,2000-12-01,21
5675,2000-12-01,1
75,2000-12-01,50
251,2000-12-01,7
200,2000-12-01,7
199,2000-12-01,51
194,2000-12-01,15
193,2000-12-01,29
409,2000-12-01,61
263,2000-12-01,24
181,2000-12-01,63
393,2000-12-01,10
392,2000-12-01,62
391,2000-12-01,21
95,2000-12-01,19
272,2000-12-01,140
178,2000-12-01,25
177,2000-12-01,18
390,2000-12-01,56
273,2000-12-01,34
97,2000-12-01,82
389,2000-12-01,24
388,2000-12-01,18
176,2000-12-01,16
98,2000-12-01,7
101,2000-12-01,80
175,2000-12-01,124
103,2000-12-01,45
386,2000-12-01,51
274,2000-12-01,65
174,2000-12-01,20
385,2000-12-01,57
382,2000-12-01,25
381,2000-12-01,18
170,2000-12-01,36
182,2000-12-01,31
443,2000-12-01,11
271,2000-12-01,70
395,2000-12-01,8
192,2000-12-01,57
407,2000-12-01,11
87,2000-12-01,20
406,2000-12-01,11
88,2000-12-01,32
191,2000-12-01,5
405,2000-12-01,7
265,2000-12-01,42
190,2000-12-01,48
404,2000-12-01,12
403,2000-12-01,71
402,2000-12-01,33
266,2000-12-01,32
401,2000-12-01,18
91,2000-12-01,33
399,2000-12-01,15
397,2000-12-01,6
267,2000-12-01,10
187,2000-12-01,115
268,2000-12-01,33
92,2000-12-01,26
270,2000-12-01,48
93,2000-12-01,26
396,2000-12-01,31
186,2000-12-01,54
185,2000-12-01,5
585,2000-12-01,18
3154,2000-12-01,1
587,2000-12-01,35
1996,2000-12-01,1
4310,2000-12-01,3
4312,2000-12-01,2
1983,2000-12-01,27
4322,2000-12-01,2
1969,2000-12-01,16
1960,2000-12-01,26
1959,2000-12-01,26
1954,2000-12-01,1
1952,2000-12-01,34
1998,2000-12-01,38
1949,2000-12-01,1
1941,2000-12-01,1
1928,2000-12-01,11
1926,2000-12-01,1
1917,2000-12-01,4
4387,2000-12-01,4
1902,2000-12-01,5
1897,2000-12-01,16
1889,2000-12-01,35
1884,2000-12-01,42
1877,2000-12-01,35
1943,2000-12-01,24
1875,2000-12-01,32
2008,2000-12-01,37
4277,2000-12-01,9
4126,2000-12-01,7
2131,2000-12-01,1
2125,2000-12-01,20
2122,2000-12-01,12
2120,2000-12-01,7
2116,2000-12-01,30
2106,2000-12-01,2
2105,2000-12-01,1
4169,2000-12-01,43
2092,2000-12-01,31
2018,2000-12-01,1
2082,2000-12-01,11
2076,2000-12-01,1
2071,2000-12-01,9
2063,2000-12-01,13
2054,2000-12-01,1
2050,2000-12-01,3
2047,2000-12-01,1
4258,2000-12-01,1
2030,2000-12-01,1
2022,2000-12-01,25
2020,2000-12-01,7
2079,2000-12-01,1
2153,2000-12-01,7
1866,2000-12-01,1
4448,2000-12-01,2
1650,2000-12-01,2
1647,2000-12-01,2
4634,2000-12-01,41
4639,2000-12-01,1
1639,2000-12-01,2
1635,2000-12-01,39
4647,2000-12-01,1
1611,2000-12-01,3
1603,2000-12-01,4
1597,2000-12-01,4
1655,2000-12-01,3
4682,2000-12-01,19
1584,2000-12-01,17
1579,2000-12-01,8
1556,2000-12-01,2
1546,2000-12-01,11
1527,2000-12-01,2
1516,2000-12-01,40
1511,2000-12-01,2
1509,2000-12-01,1
1506,2000-12-01,9
4771,2000-12-01,3
1590,2000-12-01,13
1865,2000-12-01,17
1657,2000-12-01,16
1671,2000-12-01,14
1858,2000-12-01,1
4449,2000-12-01,1
1851,2000-12-01,10
1839,2000-12-01,3
1837,2000-12-01,11
4465,2000-12-01,3
1812,2000-12-01,8
1806,2000-12-01,51
1804,2000-12-01,10
1789,2000-12-01,2
4611,2000-12-01,1
1779,2000-12-01,26
1759,2000-12-01,1
1758,2000-12-01,1
1752,2000-12-01,104
1737,2000-12-01,59
1733,2000-12-01,15
1724,2000-12-01,36
1717,2000-12-01,2
1716,2000-12-01,3
1698,2000-12-01,85
1678,2000-12-01,1
1778,2000-12-01,4
4116,2000-12-01,3
2168,2000-12-01,55
2176,2000-12-01,17
2904,2000-12-01,1
2895,2000-12-01,3
3454,2000-12-01,1
3457,2000-12-01,10
2878,2000-12-01,1
3475,2000-12-01,5
2868,2000-12-01,1
2860,2000-12-01,14
2859,2000-12-01,10
2849,2000-12-01,19
3428,2000-12-01,2
2847,2000-12-01,2
2841,2000-12-01,10
3518,2000-12-01,1
2832,2000-12-01,4
2828,2000-12-01,1
3532,2000-12-01,30
2803,2000-12-01,2
3561,2000-12-01,11
2786,2000-12-01,2
2781,2000-12-01,46
3591,2000-12-01,1
3512,2000-12-01,1
3592,2000-12-01,4
2935,2000-12-01,2
3410,2000-12-01,1
3159,2000-12-01,1
3192,2000-12-01,13
3112,2000-12-01,9
3106,2000-12-01,1
3224,2000-12-01,1
3097,2000-12-01,2
3093,2000-12-01,1
3080,2000-12-01,66
3266,2000-12-01,10
3074,2000-12-01,28
3412,2000-12-01,1
3300,2000-12-01,1
3312,2000-12-01,10
3326,2000-12-01,10
3031,2000-12-01,1
3029,2000-12-01,2
3340,2000-12-01,4
3363,2000-12-01,8
3378,2000-12-01,2
3391,2000-12-01,2
2962,2000-12-01,22
2946,2000-12-01,2
3311,2000-12-01,1
3596,2000-12-01,7
3610,2000-12-01,9
3624,2000-12-01,4
2453,2000-12-01,1
2436,2000-12-01,26
2414,2000-12-01,11
3900,2000-12-01,1
2350,2000-12-01,4
2331,2000-12-01,6
3953,2000-12-01,1
2316,2000-12-01,1
2307,2000-12-01,5
3963,2000-12-01,24
2454,2000-12-01,7
2303,2000-12-01,6
2271,2000-12-01,3
3995,2000-12-01,1
2255,2000-12-01,4
4005,2000-12-01,1
2244,2000-12-01,3
2239,2000-12-01,4
2208,2000-12-01,2
2195,2000-12-01,4
2181,2000-12-01,4
4084,2000-12-01,5
2272,2000-12-01,1
3842,2000-12-01,46
3840,2000-12-01,7
2478,2000-12-01,2
3648,2000-12-01,17
2691,2000-12-01,111
2688,2000-12-01,1
2669,2000-12-01,24
3679,2000-12-01,38
3681,2000-12-01,3
3688,2000-12-01,4
3691,2000-12-01,4
2641,2000-12-01,9
2634,2000-12-01,28
2627,2000-12-01,9
2609,2000-12-01,1
3717,2000-12-01,1
2593,2000-12-01,2
2583,2000-12-01,11
2574,2000-12-01,19
2544,2000-12-01,1
2528,2000-12-01,11
3792,2000-12-01,72
2520,2000-12-01,8
2514,2000-12-01,2
3821,2000-12-01,1
3824,2000-12-01,4
1501,2000-12-01,2
586,2000-12-01,21
1499,2000-12-01,1
4802,2000-12-01,2
5470,2000-12-01,1
736,2000-12-01,1
735,2000-12-01,19
727,2000-12-01,1
725,2000-12-01,22
721,2000-12-01,34
716,2000-12-01,29
714,2000-12-01,111
712,2000-12-01,12
711,2000-12-01,2
737,2000-12-01,5
710,2000-12-01,1
692,2000-12-01,99
687,2000-12-01,26
676,2000-12-01,36
674,2000-12-01,8
673,2000-12-01,3
671,2000-12-01,21
669,2000-12-01,132
668,2000-12-01,9
667,2000-12-01,12
666,2000-12-01,30
707,2000-12-01,2
664,2000-12-01,55
739,2000-12-01,1
5458,2000-12-01,7
855,2000-12-01,8
5359,2000-12-01,8
846,2000-12-01,8
840,2000-12-01,54
838,2000-12-01,1
823,2000-12-01,8
822,2000-12-01,9
811,2000-12-01,6
796,2000-12-01,14
5412,2000-12-01,11
743,2000-12-01,1
795,2000-12-01,5
783,2000-12-01,13
5428,2000-12-01,1
770,2000-12-01,56
767,2000-12-01,1
760,2000-12-01,2
758,2000-12-01,7
754,2000-12-01,3
752,2000-12-01,20
750,2000-12-01,24
749,2000-12-01,2
787,2000-12-01,8
862,2000-12-01,12
663,2000-12-01,20
661,2000-12-01,53
623,2000-12-01,49
622,2000-12-01,13
621,2000-12-01,43
620,2000-12-01,20
619,2000-12-01,7
616,2000-12-01,15
615,2000-12-01,28
614,2000-12-01,20
613,2000-12-01,21
612,2000-12-01,10
624,2000-12-01,49
610,2000-12-01,42
605,2000-12-01,51
604,2000-12-01,19
602,2000-12-01,64
601,2000-12-01,27
596,2000-12-01,6
595,2000-12-01,31
594,2000-12-01,99
591,2000-12-01,34
590,2000-12-01,64
588,2000-12-01,106
608,2000-12-01,22
5539,2000-12-01,7
627,2000-12-01,10
630,2000-12-01,51
660,2000-12-01,37
659,2000-12-01,18
658,2000-12-01,5
657,2000-12-01,18
656,2000-12-01,49
654,2000-12-01,18
653,2000-12-01,8
652,2000-12-01,18
651,2000-12-01,86
650,2000-12-01,12
629,2000-12-01,24
649,2000-12-01,23
646,2000-12-01,54
645,2000-12-01,26
644,2000-12-01,32
641,2000-12-01,17
638,2000-12-01,48
637,2000-12-01,108
636,2000-12-01,34
635,2000-12-01,51
633,2000-12-01,7
631,2000-12-01,90
647,2000-12-01,30
864,2000-12-01,55
884,2000-12-01,4
5333,2000-12-01,1
4951,2000-12-01,1
1301,2000-12-01,1
1287,2000-12-01,33
1285,2000-12-01,90
1284,2000-12-01,1
1274,2000-12-01,4
1268,2000-12-01,9
1266,2000-12-01,4
1264,2000-12-01,1
1260,2000-12-01,16
4937,2000-12-01,2
1246,2000-12-01,31
1242,2000-12-01,39
1241,2000-12-01,4
1228,2000-12-01,13
1224,2000-12-01,1
5044,2000-12-01,6
1220,2000-12-01,2
1219,2000-12-01,3
1217,2000-12-01,1
1211,2000-12-01,67
5060,2000-12-01,2
1244,2000-12-01,2
5063,2000-12-01,1
1329,2000-12-01,49
1343,2000-12-01,65
1470,2000-12-01,5
1467,2000-12-01,8
4813,2000-12-01,5
1451,2000-12-01,37
1449,2000-12-01,9
4823,2000-12-01,1
1448,2000-12-01,254
1437,2000-12-01,1
1426,2000-12-01,2
1425,2000-12-01,56
1333,2000-12-01,1
1421,2000-12-01,2
1413,2000-12-01,4
1404,2000-12-01,1
1395,2000-12-01,1
1389,2000-12-01,6
1386,2000-12-01,15
1383,2000-12-01,38
1369,2000-12-01,2
1356,2000-12-01,8
1354,2000-12-01,22
1347,2000-12-01,8
1420,2000-12-01,1
1186,2000-12-01,24
1181,2000-12-01,5
1164,2000-12-01,11
1001,2000-12-01,67
5242,2000-12-01,1
996,2000-12-01,8
990,2000-12-01,4
988,2000-12-01,20
987,2000-12-01,15
984,2000-12-01,9
981,2000-12-01,10
980,2000-12-01,5
973,2000-12-01,38
1002,2000-12-01,19
970,2000-12-01,11
953,2000-12-01,41
943,2000-12-01,3
935,2000-12-01,26
929,2000-12-01,4
5302,2000-12-01,2
914,2000-12-01,7
904,2000-12-01,15
5324,2000-12-01,2
894,2000-12-01,1
890,2000-12-01,3
957,2000-12-01,83
5233,2000-12-01,3
1015,2000-12-01,2
1019,2000-12-01,3
1141,2000-12-01,8
5096,2000-12-01,1
1137,2000-12-01,2
1130,2000-12-01,24
1125,2000-12-01,4
1124,2000-12-01,50
1120,2000-12-01,7
1117,2000-12-01,123
1113,2000-12-01,4
1105,2000-12-01,41
1092,2000-12-01,20
1088,2000-12-01,17
1087,2000-12-01,25
5157,2000-12-01,2
1077,2000-12-01,22
1073,2000-12-01,11
1068,2000-12-01,1
1059,2000-12-01,3
1058,2000-12-01,1
1050,2000-12-01,1
1034,2000-12-01,1
5208,2000-12-01,1
1033,2000-12-01,8
1484,2000-12-01,12
1,2000-12-01,13
